../images/test/data/Just_Images/African/Woman/m.032nf0_0001.jpg,../images/test/data/Just_Images/African/Woman/m.032nf0_0002.jpg,0.6573282480239868,1
../images/test/data/Just_Images/African/Woman/m.0bc5s3_0002.jpg,../images/test/data/Just_Images/African/Woman/m.0bc5s3_0001.jpg,0.4167357385158539,1
../images/test/data/Just_Images/African/Woman/m.025w3_q_0001.jpg,../images/test/data/Just_Images/African/Woman/m.025w3_q_0002.jpg,0.5101173520088196,1
../images/test/data/Just_Images/African/Woman/m.03pbg__0003.jpg,../images/test/data/Just_Images/African/Woman/m.03pbg__0002.jpg,0.4681682288646698,1
../images/test/data/Just_Images/African/Woman/m.0j9q6h4_0003.jpg,../images/test/data/Just_Images/African/Woman/m.0j9q6h4_0004.jpg,0.3372868299484253,1
../images/test/data/Just_Images/African/Woman/m.0dqmwf_0001.jpg,../images/test/data/Just_Images/African/Woman/m.0dqmwf_0003.jpg,0.06193162128329277,1
../images/test/data/Just_Images/African/Woman/m.07jkvy_0003.jpg,../images/test/data/Just_Images/African/Man/m.09wk54_0002.jpg,0.09472882747650146,0
../images/test/data/Just_Images/African/Woman/m.0g54w0q_0003.jpg,../images/test/data/Just_Images/African/Man/m.09v3br0_0001.jpg,0.3251006007194519,0
../images/test/data/Just_Images/African/Woman/m.0k_xbj_0004.jpg,../images/test/data/Just_Images/African/Woman/m.0k_xbj_0001.jpg,0.6607391238212585,1
../images/test/data/Just_Images/African/Woman/m.01w8pdx_0003.jpg,../images/test/data/Just_Images/African/Woman/m.01w8pdx_0002.jpg,0.39582282304763794,1
../images/test/data/Just_Images/African/Woman/m.09lj1__0002.jpg,../images/test/data/Just_Images/African/Woman/m.09lj1__0001.jpg,0.5485401153564453,1
../images/test/data/Just_Images/African/Woman/m.04lxlw_0002.jpg,../images/test/data/Just_Images/African/Woman/m.04lxlw_0001.jpg,0.431389182806015,1
../images/test/data/Just_Images/African/Woman/m.042zlm_0001.jpg,../images/test/data/Just_Images/African/Woman/m.042zlm_0004.jpg,0.4847298860549927,1
../images/test/data/Just_Images/African/Woman/m.027tw7s_0002.jpg,../images/test/data/Just_Images/African/Woman/m.027tw7s_0003.jpg,0.15753431618213654,1
../images/test/data/Just_Images/African/Woman/m.02vkc2r_0002.jpg,../images/test/data/Just_Images/African/Woman/m.02vkc2r_0003.jpg,0.7318612337112427,1
../images/test/data/Just_Images/African/Woman/m.0gyq77_0004.jpg,../images/test/data/Just_Images/African/Woman/m.0gyq77_0001.jpg,0.6110907196998596,1
../images/test/data/Just_Images/African/Woman/m.0crjgjj_0002.jpg,../images/test/data/Just_Images/African/Woman/m.0crjgjj_0003.jpg,0.4538700580596924,1
../images/test/data/Just_Images/African/Woman/m.025w3_q_0003.jpg,../images/test/data/Just_Images/African/Man/m.03j1s9d_0001.jpg,0.4423350393772125,0
../images/test/data/Just_Images/African/Woman/m.045twr_0003.jpg,../images/test/data/Just_Images/African/Man/m.08j85q_0002.jpg,0.14828774333000183,0
../images/test/data/Just_Images/African/Woman/m.04lxlw_0003.jpg,../images/test/data/Just_Images/African/Man/m.08sw2b_0002.jpg,0.09991292655467987,0
../images/test/data/Just_Images/African/Woman/m.03w9ntf_0002.jpg,../images/test/data/Just_Images/African/Man/m.01mx_5r_0004.jpg,0.5276285409927368,0
../images/test/data/Just_Images/African/Woman/m.0bhxsn_0001.jpg,../images/test/data/Just_Images/African/Woman/m.0bhxsn_0002.jpg,0.5906203985214233,1
../images/test/data/Just_Images/African/Woman/m.06sgrn_0003.jpg,../images/test/data/Just_Images/African/Woman/m.06sgrn_0001.jpg,0.3646922707557678,1
../images/test/data/Just_Images/African/Woman/m.0bd29m_0003.jpg,../images/test/data/Just_Images/African/Woman/m.0bd29m_0002.jpg,0.47152623534202576,1
../images/test/data/Just_Images/African/Woman/m.02r13m0_0003.jpg,../images/test/data/Just_Images/African/Man/m.0bj2pt_0005.jpg,0.296769917011261,0
../images/test/data/Just_Images/African/Woman/m.0bc5s3_0001.jpg,../images/test/data/Just_Images/African/Man/m.0285_b0_0002.jpg,0.19840271770954132,0
../images/test/data/Just_Images/African/Woman/m.01pss2n_0002.jpg,../images/test/data/Just_Images/African/Man/m.086nw4_0003.jpg,0.1572069227695465,0
../images/test/data/Just_Images/African/Woman/m.027tw7s_0001.jpg,../images/test/data/Just_Images/African/Man/m.0490qc_0001.jpg,-0.1659272313117981,0
../images/test/data/Just_Images/African/Woman/m.06sgrn_0002.jpg,../images/test/data/Just_Images/African/Man/m.04bxrg_0002.jpg,0.21938465535640717,0
../images/test/data/Just_Images/African/Woman/m.0dryqdt_0002.jpg,../images/test/data/Just_Images/African/Man/m.044y44_0001.jpg,0.4210725426673889,0
../images/test/data/Just_Images/African/Woman/m.026fkt_0002.jpg,../images/test/data/Just_Images/African/Man/m.080f09_0002.jpg,0.37155744433403015,0
../images/test/data/Just_Images/African/Woman/m.0gg6g8q_0002.jpg,../images/test/data/Just_Images/African/Man/m.06t3dp_0001.jpg,0.29714298248291016,0
../images/test/data/Just_Images/African/Woman/m.03nwvgl_0001.jpg,../images/test/data/Just_Images/African/Woman/m.03nwvgl_0003.jpg,0.5901115536689758,1
../images/test/data/Just_Images/African/Woman/m.0fqb1w5_0002.jpg,../images/test/data/Just_Images/African/Woman/m.0fqb1w5_0001.jpg,0.42995578050613403,1
../images/test/data/Just_Images/African/Woman/m.04v_0f_0001.jpg,../images/test/data/Just_Images/African/Woman/m.04v_0f_0003.jpg,0.33633142709732056,1
../images/test/data/Just_Images/African/Woman/m.07k63fx_0003.jpg,../images/test/data/Just_Images/African/Woman/m.07k63fx_0002.jpg,0.41673046350479126,1
../images/test/data/Just_Images/African/Woman/m.0g28w1_0002.jpg,../images/test/data/Just_Images/African/Woman/m.0g28w1_0003.jpg,0.6004683375358582,1
../images/test/data/Just_Images/African/Woman/m.0bpfnk_0002.jpg,../images/test/data/Just_Images/African/Man/m.07yzhp_0003.jpg,0.18121080100536346,0
../images/test/data/Just_Images/African/Woman/m.0nd35dq_0003.jpg,../images/test/data/Just_Images/African/Man/m.03966s_0005.jpg,0.1974816620349884,0
../images/test/data/Just_Images/African/Woman/m.076v2rv_0001.jpg,../images/test/data/Just_Images/African/Man/m.0523l3f_0002.jpg,0.25546571612358093,0
../images/test/data/Just_Images/African/Woman/m.0dqmwf_0002.jpg,../images/test/data/Just_Images/African/Man/m.06t3dp_0002.jpg,0.3733324408531189,0
../images/test/data/Just_Images/African/Woman/m.01pss2n_0001.jpg,../images/test/data/Just_Images/African/Woman/m.01pss2n_0003.jpg,0.3626777231693268,1
../images/test/data/Just_Images/African/Woman/m.07jkvy_0002.jpg,../images/test/data/Just_Images/African/Woman/m.07jkvy_0004.jpg,0.4598654508590698,1
../images/test/data/Just_Images/African/Woman/m.0dvhrz_0002.jpg,../images/test/data/Just_Images/African/Woman/m.0dvhrz_0001.jpg,0.446700781583786,1
../images/test/data/Just_Images/African/Woman/m.0mc36_0001.jpg,../images/test/data/Just_Images/African/Woman/m.0mc36_0002.jpg,0.5444126725196838,1
../images/test/data/Just_Images/African/Woman/m.02r13m0_0001.jpg,../images/test/data/Just_Images/African/Woman/m.02r13m0_0002.jpg,0.20872682332992554,1
../images/test/data/Just_Images/African/Woman/m.0809hqc_0003.jpg,../images/test/data/Just_Images/African/Woman/m.0809hqc_0004.jpg,0.6787964701652527,1
../images/test/data/Just_Images/African/Woman/m.076v2rv_0004.jpg,../images/test/data/Just_Images/African/Woman/m.076v2rv_0002.jpg,0.5044838786125183,1
../images/test/data/Just_Images/African/Woman/m.0kswqn_0003.jpg,../images/test/data/Just_Images/African/Woman/m.0kswqn_0002.jpg,0.2598746716976166,1
../images/test/data/Just_Images/African/Woman/m.02qlvxk_0003.jpg,../images/test/data/Just_Images/African/Man/m.04cyrd5_0002.jpg,0.115853451192379,0
../images/test/data/Just_Images/African/Woman/m.0j9q6h4_0002.jpg,../images/test/data/Just_Images/African/Man/m.09gfbg_0004.jpg,0.47575703263282776,0
../images/test/data/Just_Images/African/Woman/m.01lnq_p_0003.jpg,../images/test/data/Just_Images/African/Man/m.03f0j8g_0003.jpg,0.19000662863254547,0
../images/test/data/Just_Images/African/Woman/m.03c7jwf_0001.jpg,../images/test/data/Just_Images/African/Man/m.02602rw_0003.jpg,0.1624528020620346,0
../images/test/data/Just_Images/African/Woman/m.012gr9_0002.jpg,../images/test/data/Just_Images/African/Man/m.07c75l_0005.jpg,0.2929905354976654,0
../images/test/data/Just_Images/African/Woman/m.02pkjwb_0003.jpg,../images/test/data/Just_Images/African/Man/m.03hmydc_0001.jpg,0.4927622079849243,0
../images/test/data/Just_Images/African/Woman/m.03hzzrj_0004.jpg,../images/test/data/Just_Images/African/Man/m.04lgh8j_0001.jpg,0.4117577373981476,0
../images/test/data/Just_Images/African/Woman/m.01w8pdx_0001.jpg,../images/test/data/Just_Images/African/Man/m.0j446m6_0001.jpg,0.23991301655769348,0
../images/test/data/Just_Images/African/Woman/m.07wmvk_0002.jpg,../images/test/data/Just_Images/African/Man/m.02z5jqp_0002.jpg,0.2802717685699463,0
../images/test/data/Just_Images/African/Woman/m.09lj1__0003.jpg,../images/test/data/Just_Images/African/Man/m.0fqwgf4_0004.jpg,0.15020214021205902,0
../images/test/data/Just_Images/African/Woman/m.066wtm_0003.jpg,../images/test/data/Just_Images/African/Man/m.02w4tcp_0002.jpg,0.15837462246418,0
../images/test/data/Just_Images/African/Woman/m.05jwk9_0002.jpg,../images/test/data/Just_Images/African/Woman/m.05jwk9_0003.jpg,0.4903341233730316,1
../images/test/data/Just_Images/African/Woman/m.0gg6g8q_0003.jpg,../images/test/data/Just_Images/African/Woman/m.0gg6g8q_0001.jpg,0.4869714677333832,1
../images/test/data/Just_Images/African/Woman/m.01lnq_p_0001.jpg,../images/test/data/Just_Images/African/Woman/m.01lnq_p_0002.jpg,0.5041524767875671,1
../images/test/data/Just_Images/African/Woman/m.012mmb_0001.jpg,../images/test/data/Just_Images/African/Woman/m.012mmb_0002.jpg,0.5031601190567017,1
../images/test/data/Just_Images/African/Woman/m.05p0_mj_0001.jpg,../images/test/data/Just_Images/African/Woman/m.05p0_mj_0002.jpg,0.45586952567100525,1
../images/test/data/Just_Images/African/Woman/m.03hzzrj_0002.jpg,../images/test/data/Just_Images/African/Woman/m.03hzzrj_0001.jpg,0.6450093984603882,1
../images/test/data/Just_Images/African/Woman/m.045twr_0002.jpg,../images/test/data/Just_Images/African/Woman/m.045twr_0001.jpg,0.528264045715332,1
../images/test/data/Just_Images/African/Woman/m.0c7fm1_0003.jpg,../images/test/data/Just_Images/African/Woman/m.0c7fm1_0004.jpg,0.45271748304367065,1
../images/test/data/Just_Images/African/Woman/m.02nxb5_0003.jpg,../images/test/data/Just_Images/African/Woman/m.02nxb5_0004.jpg,0.36770835518836975,1
../images/test/data/Just_Images/African/Woman/m.03pbg__0001.jpg,../images/test/data/Just_Images/African/Man/m.03tn1j_0001.jpg,0.07085216790437698,0
../images/test/data/Just_Images/African/Woman/m.05jwk9_0005.jpg,../images/test/data/Just_Images/African/Man/m.064ll_9_0003.jpg,0.436117023229599,0
../images/test/data/Just_Images/African/Woman/m.0k_xbj_0002.jpg,../images/test/data/Just_Images/African/Man/m.0gg4mkx_0003.jpg,0.21075093746185303,0
../images/test/data/Just_Images/African/Woman/m.0c7fm1_0002.jpg,../images/test/data/Just_Images/African/Man/m.02664bd_0002.jpg,0.2344767153263092,0
../images/test/data/Just_Images/African/Woman/m.026y610_0001.jpg,../images/test/data/Just_Images/African/Man/m.08dfv4_0002.jpg,0.3906468451023102,0
../images/test/data/Just_Images/African/Woman/m.0dvhrz_0004.jpg,../images/test/data/Just_Images/African/Man/m.0czbtdm_0003.jpg,0.40914055705070496,0
../images/test/data/Just_Images/African/Woman/m.0b76t68_0001.jpg,../images/test/data/Just_Images/African/Woman/m.0b76t68_0003.jpg,0.5593278408050537,1
../images/test/data/Just_Images/African/Woman/m.012gr9_0002.jpg,../images/test/data/Just_Images/African/Woman/m.012gr9_0001.jpg,0.343025803565979,1
../images/test/data/Just_Images/African/Woman/m.026fkt_0002.jpg,../images/test/data/Just_Images/African/Woman/m.026fkt_0001.jpg,0.583953857421875,1
../images/test/data/Just_Images/African/Woman/m.0p8s_gx_0003.jpg,../images/test/data/Just_Images/African/Woman/m.0p8s_gx_0002.jpg,0.5460196137428284,1
../images/test/data/Just_Images/African/Woman/m.0k_xbj_0005.jpg,../images/test/data/Just_Images/African/Woman/m.0k_xbj_0003.jpg,0.15237078070640564,1
../images/test/data/Just_Images/African/Woman/m.02ltjc_0001.jpg,../images/test/data/Just_Images/African/Woman/m.02ltjc_0002.jpg,0.2242766171693802,1
../images/test/data/Just_Images/African/Woman/m.0nd35dq_0002.jpg,../images/test/data/Just_Images/African/Woman/m.0nd35dq_0001.jpg,0.6425097584724426,1
../images/test/data/Just_Images/African/Woman/m.05q6t9l_0003.jpg,../images/test/data/Just_Images/African/Man/m.02z21c6_0001.jpg,0.29517844319343567,0
../images/test/data/Just_Images/African/Woman/m.012mmb_0003.jpg,../images/test/data/Just_Images/African/Man/m.01w5814_0002.jpg,0.12045500427484512,0
../images/test/data/Just_Images/African/Woman/m.04v_0f_0002.jpg,../images/test/data/Just_Images/African/Man/m.05c9lt_0003.jpg,0.2987455129623413,0
../images/test/data/Just_Images/African/Woman/m.0g28w1_0001.jpg,../images/test/data/Just_Images/African/Man/m.09mcr7_0004.jpg,0.005056874360889196,0
../images/test/data/Just_Images/African/Woman/m.042zlm_0003.jpg,../images/test/data/Just_Images/African/Man/m.02qpyql_0002.jpg,0.27892762422561646,0
../images/test/data/Just_Images/African/Woman/m.04f40j8_0002.jpg,../images/test/data/Just_Images/African/Woman/m.04f40j8_0003.jpg,0.661373496055603,1
../images/test/data/Just_Images/African/Woman/m.02qlvxk_0002.jpg,../images/test/data/Just_Images/African/Woman/m.02qlvxk_0001.jpg,0.5122456550598145,1
../images/test/data/Just_Images/African/Woman/m.0bpfnk_0001.jpg,../images/test/data/Just_Images/African/Woman/m.0bpfnk_0004.jpg,0.43764781951904297,1
../images/test/data/Just_Images/African/Woman/m.05q6t9l_0002.jpg,../images/test/data/Just_Images/African/Woman/m.05q6t9l_0001.jpg,0.5095996856689453,1
../images/test/data/Just_Images/African/Woman/m.05p0_mj_0003.jpg,../images/test/data/Just_Images/African/Man/m.0c31p__0004.jpg,0.18237531185150146,0
../images/test/data/Just_Images/African/Woman/m.0809hqc_0001.jpg,../images/test/data/Just_Images/African/Man/m.0268nqw_0001.jpg,0.3378307819366455,0
../images/test/data/Just_Images/African/Woman/m.01kx43w_0004.jpg,../images/test/data/Just_Images/African/Man/m.01vv6_6_0001.jpg,0.05120900273323059,0
../images/test/data/Just_Images/African/Woman/m.0b76t68_0002.jpg,../images/test/data/Just_Images/African/Man/m.03m_g6_0001.jpg,0.07060306519269943,0
../images/test/data/Just_Images/African/Woman/m.04f40j8_0001.jpg,../images/test/data/Just_Images/African/Man/m.0jt5tdh_0005.jpg,0.2958112359046936,0
../images/test/data/Just_Images/African/Woman/m.032nf0_0002.jpg,../images/test/data/Just_Images/African/Man/m.0p3m5ml_0003.jpg,0.2789604365825653,0
../images/test/data/Just_Images/African/Woman/m.03_hjv_0003.jpg,../images/test/data/Just_Images/African/Man/m.0bsn3s_0001.jpg,0.08735469728708267,0
../images/test/data/Just_Images/African/Woman/m.0mc36_0001.jpg,../images/test/data/Just_Images/African/Man/m.03d7sq__0001.jpg,0.26714083552360535,0
../images/test/data/Just_Images/African/Woman/m.03nwvgl_0002.jpg,../images/test/data/Just_Images/African/Man/m.0gd0hy_0002.jpg,0.24549329280853271,0
../images/test/data/Just_Images/African/Woman/m.03_hjv_0004.jpg,../images/test/data/Just_Images/African/Woman/m.03_hjv_0001.jpg,0.16346870362758636,1
../images/test/data/Just_Images/African/Woman/m.0dryqdt_0001.jpg,../images/test/data/Just_Images/African/Woman/m.0dryqdt_0002.jpg,0.6777268648147583,1
../images/test/data/Just_Images/African/Woman/m.0g54w0q_0001.jpg,../images/test/data/Just_Images/African/Woman/m.0g54w0q_0002.jpg,0.625771164894104,1
../images/test/data/Just_Images/African/Woman/m.01kx43w_0003.jpg,../images/test/data/Just_Images/African/Woman/m.01kx43w_0001.jpg,0.3627093434333801,1
../images/test/data/Just_Images/African/Woman/m.026y610_0003.jpg,../images/test/data/Just_Images/African/Woman/m.026y610_0002.jpg,0.5478947758674622,1
../images/test/data/Just_Images/African/Woman/m.0bd29m_0001.jpg,../images/test/data/Just_Images/African/Man/m.0b744d9_0001.jpg,0.21593698859214783,0
../images/test/data/Just_Images/African/Woman/m.02ltjc_0003.jpg,../images/test/data/Just_Images/African/Man/m.01f97r_0005.jpg,0.22794730961322784,0
../images/test/data/Just_Images/African/Woman/m.0bhxsn_0002.jpg,../images/test/data/Just_Images/African/Man/m.01lmtl_0004.jpg,0.1742628663778305,0
../images/test/data/Just_Images/African/Woman/m.07k63fx_0003.jpg,../images/test/data/Just_Images/African/Man/m.07xrt3_0003.jpg,0.13806909322738647,0
../images/test/data/Just_Images/African/Woman/m.02vkc2r_0001.jpg,../images/test/data/Just_Images/African/Woman/m.02ltjc_0004.jpg,0.45544272661209106,0
../images/test/data/Just_Images/African/Woman/m.07wmvk_0001.jpg,../images/test/data/Just_Images/African/Woman/m.07wmvk_0003.jpg,0.2950780689716339,1
../images/test/data/Just_Images/African/Woman/m.03c7jwf_0003.jpg,../images/test/data/Just_Images/African/Woman/m.03c7jwf_0002.jpg,0.832188069820404,1
../images/test/data/Just_Images/African/Woman/m.066wtm_0002.jpg,../images/test/data/Just_Images/African/Woman/m.066wtm_0001.jpg,0.536476194858551,1
../images/test/data/Just_Images/African/Woman/m.03w9ntf_0001.jpg,../images/test/data/Just_Images/African/Woman/m.03w9ntf_0003.jpg,0.4311498999595642,1
../images/test/data/Just_Images/African/Woman/m.02pkjwb_0002.jpg,../images/test/data/Just_Images/African/Woman/m.02pkjwb_0001.jpg,0.6651999354362488,1
../images/test/data/Just_Images/African/Woman/m.0p8s_gx_0001.jpg,../images/test/data/Just_Images/African/Man/m.01sgd8_0001.jpg,0.21983914077281952,0
../images/test/data/Just_Images/African/Woman/m.0gyq77_0003.jpg,../images/test/data/Just_Images/African/Man/m.05_j1v_0002.jpg,0.2620769739151001,0
../images/test/data/Just_Images/African/Woman/m.02nxb5_0002.jpg,../images/test/data/Just_Images/African/Man/m.02nz7c_0003.jpg,0.34031134843826294,0
../images/test/data/Just_Images/African/Woman/m.0fqb1w5_0003.jpg,../images/test/data/Just_Images/African/Man/m.07t_zd_0002.jpg,0.036597270518541336,0
../images/test/data/Just_Images/African/Woman/m.0crjgjj_0001.jpg,../images/test/data/Just_Images/African/Man/m.09vyb6_0002.jpg,0.10071618854999542,0
../images/test/data/Just_Images/African/Woman/m.0kswqn_0001.jpg,../images/test/data/Just_Images/African/Woman/m.09lj1__0001.jpg,0.1872841715812683,0
