../images/test/data/Just_Images/Caucasian/Woman/m.07kc_pq_0003.jpg,../images/test/data/Just_Images/Caucasian/Woman/m.07kc_pq_0004.jpg
../images/test/data/Just_Images/Caucasian/Man/m.049fxsr_0003.jpg,../images/test/data/Just_Images/Caucasian/Man/m.049fxsr_0001.jpg
../images/test/data/Just_Images/Caucasian/Man/m.01rf_w_0001.jpg,../images/test/data/Just_Images/Caucasian/Man/m.01rf_w_0003.jpg
../images/test/data/Just_Images/Caucasian/Woman/m.0gchs9h_0001.jpg,../images/test/data/Just_Images/Caucasian/Woman/m.0gchs9h_0004.jpg
../images/test/data/Just_Images/Caucasian/Woman/m.02x5l1s_0003.jpg,../images/test/data/Just_Images/Caucasian/Woman/m.02x5l1s_0002.jpg
../images/test/data/Just_Images/Caucasian/Man/m.0c2213_0002.jpg,../images/test/data/Just_Images/Caucasian/Man/m.0c2213_0003.jpg
../images/test/data/Just_Images/Caucasian/Man/m.05vssg_0003.jpg,../images/test/data/Just_Images/Caucasian/Man/m.05vssg_0002.jpg
../images/test/data/Just_Images/Caucasian/Man/m.0619l2_0003.jpg,../images/test/data/Just_Images/Caucasian/Man/m.0619l2_0001.jpg
../images/test/data/Just_Images/Caucasian/Man/m.0m2l9_0003.jpg,../images/test/data/Just_Images/Caucasian/Man/m.0m2l9_0002.jpg
../images/test/data/Just_Images/Caucasian/Woman/m.02lzxp_0005.jpg,../images/test/data/Just_Images/Caucasian/Woman/m.0c0skq_0001.jpg
../images/test/data/Just_Images/Caucasian/Woman/m.0278nmt_0004.jpg,../images/test/data/Just_Images/Caucasian/Woman/m.0278nmt_0001.jpg
../images/test/data/Just_Images/Caucasian/Man/m.0413d4v_0001.jpg,../images/test/data/Just_Images/Caucasian/Man/m.0413d4v_0003.jpg
../images/test/data/Just_Images/Caucasian/Man/m.09s2q1_0002.jpg,../images/test/data/Just_Images/Caucasian/Man/m.09s2q1_0004.jpg
../images/test/data/Just_Images/Caucasian/Man/m.03yx01_0001.jpg,../images/test/data/Just_Images/Caucasian/Man/m.03yx01_0003.jpg
../images/test/data/Just_Images/Caucasian/Woman/m.0g04yz_0002.jpg,../images/test/data/Just_Images/Caucasian/Woman/m.0g04yz_0001.jpg
../images/test/data/Just_Images/Caucasian/Woman/m.0ck1l0_0001.jpg,../images/test/data/Just_Images/Caucasian/Woman/m.0ck1l0_0002.jpg
../images/test/data/Just_Images/Caucasian/Woman/m.0273sg4_0003.jpg,../images/test/data/Just_Images/Caucasian/Woman/m.0273sg4_0002.jpg
../images/test/data/Just_Images/Caucasian/Man/m.05p5gr_0003.jpg,../images/test/data/Just_Images/Caucasian/Man/m.05p5gr_0001.jpg
../images/test/data/Just_Images/Caucasian/Man/m.048s14_0002.jpg,../images/test/data/Just_Images/Caucasian/Man/m.048s14_0001.jpg
../images/test/data/Just_Images/Caucasian/Man/m.07csqp_0001.jpg,../images/test/data/Just_Images/Caucasian/Man/m.07csqp_0002.jpg
../images/test/data/Just_Images/Caucasian/Woman/m.01vzxld_0001.jpg,../images/test/data/Just_Images/Caucasian/Woman/m.01vzxld_0002.jpg
../images/test/data/Just_Images/Caucasian/Man/m.01r3r43_0006.jpg,../images/test/data/Just_Images/Caucasian/Man/m.01r3r43_0002.jpg
../images/test/data/Just_Images/Caucasian/Woman/m.08nkfj_0003.jpg,../images/test/data/Just_Images/Caucasian/Woman/m.08nkfj_0001.jpg
../images/test/data/Just_Images/Caucasian/Man/m.03f65ws_0002.jpg,../images/test/data/Just_Images/Caucasian/Man/m.03f65ws_0003.jpg
../images/test/data/Just_Images/Caucasian/Woman/m.04_08r__0003.jpg,../images/test/data/Just_Images/Caucasian/Woman/m.04_08r__0002.jpg
../images/test/data/Just_Images/Caucasian/Man/m.02mkvd_0003.jpg,../images/test/data/Just_Images/Caucasian/Man/m.02mkvd_0001.jpg
../images/test/data/Just_Images/Caucasian/Woman/m.03nndg3_0003.jpg,../images/test/data/Just_Images/Caucasian/Woman/m.03nndg3_0004.jpg
../images/test/data/Just_Images/Caucasian/Man/m.0ll2_ny_0004.jpg,../images/test/data/Just_Images/Caucasian/Man/m.0ll2_ny_0005.jpg
../images/test/data/Just_Images/Caucasian/Man/m.07_k3f_0003.jpg,../images/test/data/Just_Images/Caucasian/Man/m.07_k3f_0002.jpg
../images/test/data/Just_Images/Caucasian/Man/m.09k3x__0003.jpg,../images/test/data/Just_Images/Caucasian/Man/m.09k3x__0002.jpg
../images/test/data/Just_Images/Caucasian/Man/m.080c88_0002.jpg,../images/test/data/Just_Images/Caucasian/Man/m.080c88_0001.jpg
../images/test/data/Just_Images/Caucasian/Man/m.03sr8y_0002.jpg,../images/test/data/Just_Images/Caucasian/Man/m.03sr8y_0004.jpg
../images/test/data/Just_Images/Caucasian/Man/m.03wf4cc_0001.jpg,../images/test/data/Just_Images/Caucasian/Man/m.03wf4cc_0002.jpg
../images/test/data/Just_Images/Caucasian/Woman/m.051qsh_0003.jpg,../images/test/data/Just_Images/Caucasian/Woman/m.051qsh_0004.jpg
../images/test/data/Just_Images/Caucasian/Man/m.03t2j9_0002.jpg,../images/test/data/Just_Images/Caucasian/Man/m.03t2j9_0004.jpg
../images/test/data/Just_Images/Caucasian/Man/m.02qpy0_0003.jpg,../images/test/data/Just_Images/Caucasian/Man/m.02qpy0_0002.jpg
../images/test/data/Just_Images/Caucasian/Man/m.0d3dsv_0003.jpg,../images/test/data/Just_Images/Caucasian/Man/m.0d3dsv_0001.jpg
../images/test/data/Just_Images/Caucasian/Man/m.09cdzd_0002.jpg,../images/test/data/Just_Images/Caucasian/Man/m.09cdzd_0001.jpg
../images/test/data/Just_Images/Caucasian/Woman/m.0d7vz4_0004.jpg,../images/test/data/Just_Images/Caucasian/Woman/m.0d7vz4_0003.jpg
../images/test/data/Just_Images/Caucasian/Man/m.02r79x1_0001.jpg,../images/test/data/Just_Images/Caucasian/Man/m.02r79x1_0004.jpg
../images/test/data/Just_Images/Caucasian/Man/m.06_wwsd_0003.jpg,../images/test/data/Just_Images/Caucasian/Man/m.06_wwsd_0001.jpg
../images/test/data/Just_Images/Caucasian/Woman/m.0300_r_0002.jpg,../images/test/data/Just_Images/Caucasian/Woman/m.0300_r_0005.jpg
../images/test/data/Just_Images/Caucasian/Man/m.0732mp_0002.jpg,../images/test/data/Just_Images/Caucasian/Man/m.0732mp_0003.jpg
../images/test/data/Just_Images/Caucasian/Woman/m.018fwb_0002.jpg,../images/test/data/Just_Images/Caucasian/Woman/m.018fwb_0001.jpg
../images/test/data/Just_Images/Caucasian/Man/m.06zpl8x_0002.jpg,../images/test/data/Just_Images/Caucasian/Man/m.06zpl8x_0004.jpg
../images/test/data/Just_Images/Caucasian/Man/m.03thw4_0002.jpg,../images/test/data/Just_Images/Caucasian/Man/m.03thw4_0001.jpg
../images/test/data/Just_Images/Caucasian/Man/m.06dm8s_0001.jpg,../images/test/data/Just_Images/Caucasian/Man/m.06dm8s_0002.jpg
../images/test/data/Just_Images/Caucasian/Man/m.06_yvq_0003.jpg,../images/test/data/Just_Images/Caucasian/Man/m.06_yvq_0001.jpg
../images/test/data/Just_Images/Caucasian/Man/m.07kd18r_0001.jpg,../images/test/data/Just_Images/Caucasian/Man/m.07kd18r_0002.jpg
../images/test/data/Just_Images/Caucasian/Man/m.076m3j_0001.jpg,../images/test/data/Just_Images/Caucasian/Man/m.076m3j_0003.jpg
../images/test/data/Just_Images/Caucasian/Man/m.047cc9b_0003.jpg,../images/test/data/Just_Images/Caucasian/Man/m.047cc9b_0002.jpg
../images/test/data/Just_Images/Caucasian/Man/m.04rcgd_0002.jpg,../images/test/data/Just_Images/Caucasian/Man/m.04rcgd_0001.jpg
../images/test/data/Just_Images/Caucasian/Man/m.01c8x_0003.jpg,../images/test/data/Just_Images/Caucasian/Man/m.01c8x_0001.jpg
../images/test/data/Just_Images/Caucasian/Man/m.02651pm_0003.jpg,../images/test/data/Just_Images/Caucasian/Man/m.02651pm_0001.jpg
../images/test/data/Just_Images/Caucasian/Man/m.027gf69_0002.jpg,../images/test/data/Just_Images/Caucasian/Man/m.027gf69_0003.jpg
../images/test/data/Just_Images/Caucasian/Man/m.0lngf_0003.jpg,../images/test/data/Just_Images/Caucasian/Man/m.0lngf_0004.jpg
../images/test/data/Just_Images/Caucasian/Man/m.0ktddf_0001.jpg,../images/test/data/Just_Images/Caucasian/Man/m.0ktddf_0003.jpg
../images/test/data/Just_Images/Caucasian/Man/m.05c49j_0003.jpg,../images/test/data/Just_Images/Caucasian/Man/m.05c49j_0002.jpg
../images/test/data/Just_Images/Caucasian/Woman/m.04crbhv_0003.jpg,../images/test/data/Just_Images/Caucasian/Woman/m.04crbhv_0001.jpg
../images/test/data/Just_Images/Caucasian/Man/m.0h422m_0002.jpg,../images/test/data/Just_Images/Caucasian/Man/m.0h422m_0001.jpg
../images/test/data/Just_Images/Caucasian/Man/m.0cq3_r_0002.jpg,../images/test/data/Just_Images/Caucasian/Man/m.0cq3_r_0001.jpg
../images/test/data/Just_Images/Caucasian/Man/m.030n50_0001.jpg,../images/test/data/Just_Images/Caucasian/Man/m.030n50_0002.jpg
../images/test/data/Just_Images/Caucasian/Man/m.041xfx_0001.jpg,../images/test/data/Just_Images/Caucasian/Man/m.041xfx_0005.jpg
../images/test/data/Just_Images/Caucasian/Man/m.08dgms_0005.jpg,../images/test/data/Just_Images/Caucasian/Man/m.08dgms_0001.jpg
../images/test/data/Just_Images/Caucasian/Man/m.0339tj_0005.jpg,../images/test/data/Just_Images/Caucasian/Man/m.0339tj_0001.jpg
../images/test/data/Just_Images/Caucasian/Man/m.07m4vq_0003.jpg,../images/test/data/Just_Images/Caucasian/Man/m.07m4vq_0002.jpg
../images/test/data/Just_Images/Caucasian/Man/m.03642d_0001.jpg,../images/test/data/Just_Images/Caucasian/Man/m.03642d_0002.jpg
../images/test/data/Just_Images/Caucasian/Woman/m.02qf_k6_0001.jpg,../images/test/data/Just_Images/Caucasian/Woman/m.02qf_k6_0002.jpg
../images/test/data/Just_Images/Caucasian/Woman/m.06zrb8x_0001.jpg,../images/test/data/Just_Images/Caucasian/Woman/m.06zrb8x_0004.jpg
../images/test/data/Just_Images/Caucasian/Woman/m.047cwb6_0002.jpg,../images/test/data/Just_Images/Caucasian/Woman/m.047cwb6_0003.jpg
../images/test/data/Just_Images/Caucasian/Man/m.020dg9_0004.jpg,../images/test/data/Just_Images/Caucasian/Man/m.020dg9_0002.jpg
../images/test/data/Just_Images/Caucasian/Man/m.0gmfwp8_0003.jpg,../images/test/data/Just_Images/Caucasian/Man/m.0gmfwp8_0004.jpg
../images/test/data/Just_Images/Caucasian/Man/m.01wm1z7_0001.jpg,../images/test/data/Just_Images/Caucasian/Man/m.01wm1z7_0002.jpg
../images/test/data/Just_Images/Caucasian/Man/m.0g57lmj_0002.jpg,../images/test/data/Just_Images/Caucasian/Man/m.0g57lmj_0001.jpg
../images/test/data/Just_Images/Caucasian/Man/m.02zv09_0001.jpg,../images/test/data/Just_Images/Caucasian/Man/m.02zv09_0002.jpg
../images/test/data/Just_Images/Caucasian/Man/m.0w_l_0003.jpg,../images/test/data/Just_Images/Caucasian/Man/m.0w_l_0002.jpg
../images/test/data/Just_Images/Caucasian/Man/m.01vrr8y_0003.jpg,../images/test/data/Just_Images/Caucasian/Man/m.01vrr8y_0002.jpg
../images/test/data/Just_Images/Caucasian/Man/m.03qcd6h_0003.jpg,../images/test/data/Just_Images/Caucasian/Man/m.03qcd6h_0005.jpg
../images/test/data/Just_Images/Caucasian/Man/m.012prx_0002.jpg,../images/test/data/Just_Images/Caucasian/Man/m.012prx_0001.jpg
../images/test/data/Just_Images/Caucasian/Woman/m.0chlsn_0001.jpg,../images/test/data/Just_Images/Caucasian/Woman/m.0chlsn_0002.jpg
../images/test/data/Just_Images/Caucasian/Man/m.07zy82_0002.jpg,../images/test/data/Just_Images/Caucasian/Man/m.07zy82_0003.jpg
../images/test/data/Just_Images/Caucasian/Man/m.08zw8n_0001.jpg,../images/test/data/Just_Images/Caucasian/Man/m.08zw8n_0003.jpg
../images/test/data/Just_Images/Caucasian/Woman/m.05p98bd_0004.jpg,../images/test/data/Just_Images/Caucasian/Woman/m.05p98bd_0003.jpg
../images/test/data/Just_Images/Caucasian/Man/m.026njl2_0001.jpg,../images/test/data/Just_Images/Caucasian/Man/m.026njl2_0003.jpg
../images/test/data/Just_Images/Caucasian/Man/m.01n18b_0002.jpg,../images/test/data/Just_Images/Caucasian/Man/m.01n18b_0004.jpg
../images/test/data/Just_Images/Caucasian/Man/m.04zxz43_0002.jpg,../images/test/data/Just_Images/Caucasian/Man/m.04zxz43_0001.jpg
../images/test/data/Just_Images/Caucasian/Woman/m.0384pc_0003.jpg,../images/test/data/Just_Images/Caucasian/Woman/m.0384pc_0001.jpg
../images/test/data/Just_Images/Caucasian/Man/m.0g2rwz_0003.jpg,../images/test/data/Just_Images/Caucasian/Man/m.0g2rwz_0001.jpg
../images/test/data/Just_Images/Caucasian/Woman/m.03f7lsq_0002.jpg,../images/test/data/Just_Images/Caucasian/Woman/m.03f7lsq_0003.jpg
../images/test/data/Just_Images/Caucasian/Man/m.0bg_mp_0003.jpg,../images/test/data/Just_Images/Caucasian/Man/m.0bg_mp_0001.jpg
../images/test/data/Just_Images/Caucasian/Man/m.04134b2_0003.jpg,../images/test/data/Just_Images/Caucasian/Man/m.04134b2_0001.jpg
../images/test/data/Just_Images/Caucasian/Man/m.01w83xk_0002.jpg,../images/test/data/Just_Images/Caucasian/Man/m.01w83xk_0003.jpg
../images/test/data/Just_Images/Caucasian/Woman/m.0h49z4_0001.jpg,../images/test/data/Just_Images/Caucasian/Woman/m.0h49z4_0004.jpg
../images/test/data/Just_Images/Caucasian/Woman/m.04mn7m_0001.jpg,../images/test/data/Just_Images/Caucasian/Woman/m.04mn7m_0002.jpg
../images/test/data/Just_Images/Caucasian/Woman/m.06bhxw_0001.jpg,../images/test/data/Just_Images/Caucasian/Woman/m.06bhxw_0003.jpg
../images/test/data/Just_Images/Caucasian/Man/m.065fg7_0001.jpg,../images/test/data/Just_Images/Caucasian/Man/m.065fg7_0005.jpg
../images/test/data/Just_Images/Caucasian/Woman/m.01r4_t_0004.jpg,../images/test/data/Just_Images/Caucasian/Woman/m.01r4_t_0001.jpg
../images/test/data/Just_Images/Caucasian/Woman/m.07z7vt_0001.jpg,../images/test/data/Just_Images/Caucasian/Woman/m.07z7vt_0002.jpg
../images/test/data/Just_Images/Caucasian/Man/m.08pys0_0003.jpg,../images/test/data/Just_Images/Caucasian/Man/m.08pys0_0002.jpg
../images/test/data/Just_Images/Caucasian/Man/m.01dh0y_0003.jpg,../images/test/data/Just_Images/Caucasian/Man/m.01dh0y_0001.jpg
../images/test/data/Just_Images/Caucasian/Man/m.01vt203_0003.jpg,../images/test/data/Just_Images/Caucasian/Man/m.01vt203_0001.jpg
../images/test/data/Just_Images/Caucasian/Man/m.0fjrcl_0002.jpg,../images/test/data/Just_Images/Caucasian/Man/m.0fjrcl_0001.jpg
../images/test/data/Just_Images/Caucasian/Man/m.08gl6t_0003.jpg,../images/test/data/Just_Images/Caucasian/Man/m.08gl6t_0001.jpg
../images/test/data/Just_Images/Caucasian/Woman/m.0gbx3b6_0001.jpg,../images/test/data/Just_Images/Caucasian/Woman/m.0gbx3b6_0002.jpg
../images/test/data/Just_Images/Caucasian/Woman/m.03f7pd9_0003.jpg,../images/test/data/Just_Images/Caucasian/Woman/m.03f7pd9_0002.jpg
../images/test/data/Just_Images/Caucasian/Man/m.01p21_5_0005.jpg,../images/test/data/Just_Images/Caucasian/Man/m.01p21_5_0006.jpg
../images/test/data/Just_Images/Caucasian/Man/m.05nqz8_0001.jpg,../images/test/data/Just_Images/Caucasian/Man/m.05nqz8_0002.jpg
../images/test/data/Just_Images/Caucasian/Woman/m.03hh0w4_0001.jpg,../images/test/data/Just_Images/Caucasian/Woman/m.03hh0w4_0002.jpg
../images/test/data/Just_Images/Caucasian/Man/m.026964z_0001.jpg,../images/test/data/Just_Images/Caucasian/Man/m.026964z_0002.jpg
../images/test/data/Just_Images/Caucasian/Woman/m.04w4gw_0004.jpg,../images/test/data/Just_Images/Caucasian/Woman/m.04w4gw_0001.jpg
../images/test/data/Just_Images/Caucasian/Woman/m.09g64kq_0001.jpg,../images/test/data/Just_Images/Caucasian/Woman/m.09g64kq_0002.jpg
../images/test/data/Just_Images/Caucasian/Man/m.0cn0l7_0001.jpg,../images/test/data/Just_Images/Caucasian/Man/m.0cn0l7_0003.jpg
../images/test/data/Just_Images/Caucasian/Man/m.08fvsd_0004.jpg,../images/test/data/Just_Images/Caucasian/Man/m.08fvsd_0003.jpg
../images/test/data/Just_Images/Caucasian/Man/m.072bxj_0003.jpg,../images/test/data/Just_Images/Caucasian/Man/m.072bxj_0002.jpg
../images/test/data/Just_Images/Caucasian/Man/m.026559r_0002.jpg,../images/test/data/Just_Images/Caucasian/Man/m.026559r_0003.jpg
../images/test/data/Just_Images/Caucasian/Woman/m.04y61g_0001.jpg,../images/test/data/Just_Images/Caucasian/Woman/m.04y61g_0002.jpg
../images/test/data/Just_Images/Caucasian/Man/m.02qg_hr_0001.jpg,../images/test/data/Just_Images/Caucasian/Man/m.02qg_hr_0004.jpg
../images/test/data/Just_Images/Caucasian/Man/m.06htkn_0002.jpg,../images/test/data/Just_Images/Caucasian/Man/m.06htkn_0004.jpg
../images/test/data/Just_Images/Caucasian/Man/m.0gt1xg_0002.jpg,../images/test/data/Just_Images/Caucasian/Man/m.0gt1xg_0001.jpg
../images/test/data/Just_Images/Caucasian/Woman/m.0j24_94_0002.jpg,../images/test/data/Just_Images/Caucasian/Woman/m.0j24_94_0003.jpg
../images/test/data/Just_Images/Caucasian/Man/m.07vdp6_0002.jpg,../images/test/data/Just_Images/Caucasian/Man/m.07vdp6_0003.jpg
../images/test/data/Just_Images/Caucasian/Woman/m.02ps19j_0003.jpg,../images/test/data/Just_Images/Caucasian/Woman/m.02ps19j_0002.jpg
../images/test/data/Just_Images/Caucasian/Man/m.07g_nf_0003.jpg,../images/test/data/Just_Images/Caucasian/Man/m.07g_nf_0001.jpg
../images/test/data/Just_Images/Caucasian/Woman/m.02w160n_0001.jpg,../images/test/data/Just_Images/Caucasian/Woman/m.02w160n_0003.jpg
../images/test/data/Just_Images/Caucasian/Woman/m.03vb_0_0003.jpg,../images/test/data/Just_Images/Caucasian/Woman/m.03vb_0_0002.jpg
../images/test/data/Just_Images/Caucasian/Man/m.09wmk__0001.jpg,../images/test/data/Just_Images/Caucasian/Man/m.09wmk__0002.jpg
../images/test/data/Just_Images/Caucasian/Man/m.08brxy_0001.jpg,../images/test/data/Just_Images/Caucasian/Man/m.08brxy_0003.jpg
../images/test/data/Just_Images/Caucasian/Man/m.094_1r_0003.jpg,../images/test/data/Just_Images/Caucasian/Man/m.094_1r_0002.jpg
../images/test/data/Just_Images/Caucasian/Man/m.058rsb_0005.jpg,../images/test/data/Just_Images/Caucasian/Man/m.058rsb_0003.jpg
../images/test/data/Just_Images/Caucasian/Woman/m.01v9gds_0001.jpg,../images/test/data/Just_Images/Caucasian/Woman/m.01v9gds_0002.jpg
