../images/test/data/Just_Images/Indian/Man/m.0g55wt__0003.jpg,../images/test/data/Just_Images/Indian/Man/m.0g55wt__0004.jpg
../images/test/data/Just_Images/Indian/Man/m.02qvhbb_0003.jpg,../images/test/data/Just_Images/Indian/Man/m.02qvhbb_0001.jpg
../images/test/data/Just_Images/Indian/Man/m.03h4780_0003.jpg,../images/test/data/Just_Images/Indian/Man/m.03h4780_0002.jpg
../images/test/data/Just_Images/Indian/Woman/m.047g4s0_0001.jpg,../images/test/data/Just_Images/Indian/Woman/m.047g4s0_0002.jpg
../images/test/data/Just_Images/Indian/Man/m.0b8zqd_0003.jpg,../images/test/data/Just_Images/Indian/Man/m.0b8zqd_0002.jpg
../images/test/data/Just_Images/Indian/Man/m.02qnk5c_0003.jpg,../images/test/data/Just_Images/Indian/Man/m.02qnk5c_0001.jpg
../images/test/data/Just_Images/Indian/Man/m.0bmf76t_0002.jpg,../images/test/data/Just_Images/Indian/Man/m.0bmf76t_0001.jpg
../images/test/data/Just_Images/Indian/Man/m.0fkt5m_0002.jpg,../images/test/data/Just_Images/Indian/Man/m.0fkt5m_0001.jpg
../images/test/data/Just_Images/Indian/Woman/m.02qd2vx_0003.jpg,../images/test/data/Just_Images/Indian/Woman/m.02qd2vx_0001.jpg
../images/test/data/Just_Images/Indian/Man/m.03ct0gd_0001.jpg,../images/test/data/Just_Images/Indian/Man/m.03ct0gd_0002.jpg
../images/test/data/Just_Images/Indian/Woman/m.0271zv7_0002.jpg,../images/test/data/Just_Images/Indian/Woman/m.0271zv7_0003.jpg
../images/test/data/Just_Images/Indian/Man/m.04gngvm_0001.jpg,../images/test/data/Just_Images/Indian/Man/m.04gngvm_0002.jpg
../images/test/data/Just_Images/Indian/Man/m.0pdbqkb_0002.jpg,../images/test/data/Just_Images/Indian/Man/m.0pdbqkb_0001.jpg
../images/test/data/Just_Images/Indian/Man/m.05w6fq_0001.jpg,../images/test/data/Just_Images/Indian/Man/m.05w6fq_0002.jpg
../images/test/data/Just_Images/Indian/Man/m.02672dp_0001.jpg,../images/test/data/Just_Images/Indian/Man/m.02672dp_0002.jpg
../images/test/data/Just_Images/Indian/Woman/m.0gc2zgn_0003.jpg,../images/test/data/Just_Images/Indian/Woman/m.0gc2zgn_0001.jpg
../images/test/data/Just_Images/Indian/Man/m.0276w0t_0003.jpg,../images/test/data/Just_Images/Indian/Man/m.0276w0t_0002.jpg
../images/test/data/Just_Images/Indian/Woman/m.0412544_0001.jpg,../images/test/data/Just_Images/Indian/Woman/m.0412544_0004.jpg
../images/test/data/Just_Images/Indian/Woman/m.0cvyx3_0002.jpg,../images/test/data/Just_Images/Indian/Woman/m.0cvyx3_0001.jpg
../images/test/data/Just_Images/Indian/Man/m.06r1gc_0004.jpg,../images/test/data/Just_Images/Indian/Man/m.06r1gc_0001.jpg
../images/test/data/Just_Images/Indian/Man/m.07k4n__0002.jpg,../images/test/data/Just_Images/Indian/Man/m.07k4n__0001.jpg
../images/test/data/Just_Images/Indian/Man/m.09gk4wd_0001.jpg,../images/test/data/Just_Images/Indian/Woman/m.0cpnt7_0002.jpg
../images/test/data/Just_Images/Indian/Man/m.0bs7ww1_0003.jpg,../images/test/data/Just_Images/Indian/Man/m.02w4tlx_0005.jpg
../images/test/data/Just_Images/Indian/Man/m.0270lg__0003.jpg,../images/test/data/Just_Images/Indian/Man/m.0270lg__0006.jpg
../images/test/data/Just_Images/Indian/Man/m.07701y_0001.jpg,../images/test/data/Just_Images/Indian/Man/m.07701y_0002.jpg
../images/test/data/Just_Images/Indian/Man/m.03xqhl_0004.jpg,../images/test/data/Just_Images/Indian/Man/m.03xqhl_0001.jpg
../images/test/data/Just_Images/Indian/Man/m.01v87__0003.jpg,../images/test/data/Just_Images/Indian/Man/m.01v87__0001.jpg
../images/test/data/Just_Images/Indian/Man/m.09tbzt_0001.jpg,../images/test/data/Just_Images/Indian/Man/m.09tbzt_0005.jpg
../images/test/data/Just_Images/Indian/Woman/m.0b5wx7_0003.jpg,../images/test/data/Just_Images/Indian/Woman/m.0b5wx7_0001.jpg
../images/test/data/Just_Images/Indian/Man/m.0ddfph_0005.jpg,../images/test/data/Just_Images/Indian/Man/m.0ddfph_0004.jpg
../images/test/data/Just_Images/Indian/Man/m.0jl1vrt_0002.jpg,../images/test/data/Just_Images/Indian/Man/m.0jl1vrt_0004.jpg
../images/test/data/Just_Images/Indian/Woman/m.02psh0n_0001.jpg,../images/test/data/Just_Images/Indian/Woman/m.02psh0n_0003.jpg
../images/test/data/Just_Images/Indian/Woman/m.090gs4_0003.jpg,../images/test/data/Just_Images/Indian/Woman/m.090gs4_0001.jpg
../images/test/data/Just_Images/Indian/Woman/m.0j49qzy_0002.jpg,../images/test/data/Just_Images/Indian/Woman/m.0j49qzy_0001.jpg
../images/test/data/Just_Images/Indian/Man/m.061zc__0005.jpg,../images/test/data/Just_Images/Indian/Man/m.061zc__0002.jpg
../images/test/data/Just_Images/Indian/Man/m.0g362b_0003.jpg,../images/test/data/Just_Images/Indian/Man/m.0g362b_0001.jpg
../images/test/data/Just_Images/Indian/Man/m.03hzslb_0002.jpg,../images/test/data/Just_Images/Indian/Man/m.03hzslb_0004.jpg
../images/test/data/Just_Images/Indian/Woman/m.0dgn58t_0002.jpg,../images/test/data/Just_Images/Indian/Woman/m.0dgn58t_0001.jpg
../images/test/data/Just_Images/Indian/Woman/m.0kt64b_0002.jpg,../images/test/data/Just_Images/Indian/Woman/m.0kt64b_0001.jpg
../images/test/data/Just_Images/Indian/Woman/m.0cz8zgp_0002.jpg,../images/test/data/Just_Images/Indian/Woman/m.01tjjl1_0001.jpg
../images/test/data/Just_Images/Indian/Man/m.0325jx_0002.jpg,../images/test/data/Just_Images/Indian/Man/m.079kp7_0002.jpg
../images/test/data/Just_Images/Indian/Man/m.05y2fd_0004.jpg,../images/test/data/Just_Images/Indian/Man/m.05y2fd_0005.jpg
../images/test/data/Just_Images/Indian/Woman/m.04f4wpb_0004.jpg,../images/test/data/Just_Images/Indian/Woman/m.04f4wpb_0001.jpg
../images/test/data/Just_Images/Indian/Woman/m.02w0b0f_0002.jpg,../images/test/data/Just_Images/Indian/Woman/m.02w0b0f_0005.jpg
../images/test/data/Just_Images/Indian/Man/m.03cbw6f_0003.jpg,../images/test/data/Just_Images/Indian/Man/m.03cbw6f_0001.jpg
../images/test/data/Just_Images/Indian/Woman/m.02q99nj_0004.jpg,../images/test/data/Just_Images/Indian/Woman/m.02q99nj_0002.jpg
../images/test/data/Just_Images/Indian/Man/m.0gt8fp_0001.jpg,../images/test/data/Just_Images/Indian/Man/m.0gt8fp_0003.jpg
../images/test/data/Just_Images/Indian/Man/m.02r3dv9_0004.jpg,../images/test/data/Just_Images/Indian/Man/m.02r3dv9_0002.jpg
../images/test/data/Just_Images/Indian/Man/m.04rzsf_0004.jpg,../images/test/data/Just_Images/Indian/Man/m.04rzsf_0003.jpg
../images/test/data/Just_Images/Indian/Man/m.0k0zjt_0003.jpg,../images/test/data/Just_Images/Indian/Man/m.0k0zjt_0001.jpg
../images/test/data/Just_Images/Indian/Man/m.055m62_0001.jpg,../images/test/data/Just_Images/Indian/Man/m.055m62_0002.jpg
../images/test/data/Just_Images/Indian/Man/m.0gdj1h_0001.jpg,../images/test/data/Just_Images/Indian/Man/m.0gdj1h_0002.jpg
../images/test/data/Just_Images/Indian/Man/m.0h1sgs_0003.jpg,../images/test/data/Just_Images/Indian/Man/m.0h1sgs_0001.jpg
../images/test/data/Just_Images/Indian/Man/m.05bf25_0002.jpg,../images/test/data/Just_Images/Indian/Man/m.05bf25_0001.jpg
../images/test/data/Just_Images/Indian/Woman/m.03c1p5b_0001.jpg,../images/test/data/Just_Images/Indian/Woman/m.03c1p5b_0003.jpg
../images/test/data/Just_Images/Indian/Man/m.0gx0zrn_0001.jpg,../images/test/data/Just_Images/Indian/Man/m.02hks9_0001.jpg
../images/test/data/Just_Images/Indian/Woman/m.03m4n_s_0001.jpg,../images/test/data/Just_Images/Indian/Woman/m.03nsc3b_0001.jpg
../images/test/data/Just_Images/Indian/Man/m.0gdj1h_0004.jpg,../images/test/data/Just_Images/Indian/Man/m.0n9bskp_0004.jpg
../images/test/data/Just_Images/Indian/Man/m.0h3dzt_0003.jpg,../images/test/data/Just_Images/Indian/Man/m.06_hrc_0001.jpg
../images/test/data/Just_Images/Indian/Man/m.0c1bgd_0002.jpg,../images/test/data/Just_Images/Indian/Man/m.0jzt0s_0001.jpg
../images/test/data/Just_Images/Indian/Man/m.026zcm5_0002.jpg,../images/test/data/Just_Images/Indian/Man/m.04jr74_0004.jpg
../images/test/data/Just_Images/Indian/Man/m.05b3gpy_0003.jpg,../images/test/data/Just_Images/Indian/Man/m.05b3gpy_0001.jpg
../images/test/data/Just_Images/Indian/Man/m.0g6r88_0005.jpg,../images/test/data/Just_Images/Indian/Man/m.0g6r88_0001.jpg
../images/test/data/Just_Images/Indian/Man/m.0d8cr0_0003.jpg,../images/test/data/Just_Images/Indian/Man/m.0d8cr0_0001.jpg
../images/test/data/Just_Images/Indian/Woman/m.07yw4b_0001.jpg,../images/test/data/Just_Images/Indian/Woman/m.07yw4b_0003.jpg
../images/test/data/Just_Images/Indian/Man/m.0gbx9ms_0002.jpg,../images/test/data/Just_Images/Indian/Man/m.0gbx9ms_0003.jpg
../images/test/data/Just_Images/Indian/Woman/m.07f0tw_0001.jpg,../images/test/data/Just_Images/Indian/Woman/m.07f0tw_0002.jpg
../images/test/data/Just_Images/Indian/Man/m.0h7051w_0001.jpg,../images/test/data/Just_Images/Indian/Man/m.0h7051w_0002.jpg
../images/test/data/Just_Images/Indian/Man/m.0gmggpt_0001.jpg,../images/test/data/Just_Images/Indian/Man/m.0gmggpt_0002.jpg
../images/test/data/Just_Images/Indian/Man/m.0467ll_0001.jpg,../images/test/data/Just_Images/Indian/Man/m.0467ll_0002.jpg
../images/test/data/Just_Images/Indian/Man/m.02xgdv_0001.jpg,../images/test/data/Just_Images/Indian/Man/m.02xgdv_0003.jpg
../images/test/data/Just_Images/Indian/Man/m.0dd9r6w_0003.jpg,../images/test/data/Just_Images/Indian/Man/m.0dd9r6w_0001.jpg
../images/test/data/Just_Images/Indian/Man/m.02r4lrc_0001.jpg,../images/test/data/Just_Images/Indian/Man/m.02r4lrc_0002.jpg
../images/test/data/Just_Images/Indian/Woman/m.0cpnt7_0004.jpg,../images/test/data/Just_Images/Indian/Woman/m.0cpnt7_0001.jpg
../images/test/data/Just_Images/Indian/Man/m.051q2m_0002.jpg,../images/test/data/Just_Images/Indian/Man/m.05p8kcf_0003.jpg
../images/test/data/Just_Images/Indian/Man/m.05zz_8__0004.jpg,../images/test/data/Just_Images/Indian/Man/m.05zz_8__0001.jpg
../images/test/data/Just_Images/Indian/Man/m.048mm9_0002.jpg,../images/test/data/Just_Images/Indian/Man/m.048mm9_0001.jpg
../images/test/data/Just_Images/Indian/Man/m.04jk8y_0002.jpg,../images/test/data/Just_Images/Indian/Man/m.04jk8y_0005.jpg
../images/test/data/Just_Images/Indian/Man/m.0603g2_0003.jpg,../images/test/data/Just_Images/Indian/Man/m.0603g2_0001.jpg
../images/test/data/Just_Images/Indian/Man/m.02vxd82_0002.jpg,../images/test/data/Just_Images/Indian/Man/m.02vxd82_0004.jpg
../images/test/data/Just_Images/Indian/Man/m.04ld7t0_0002.jpg,../images/test/data/Just_Images/Indian/Man/m.04ld7t0_0001.jpg
../images/test/data/Just_Images/Indian/Man/m.02x4cgr_0003.jpg,../images/test/data/Just_Images/Indian/Man/m.02x4cgr_0002.jpg
../images/test/data/Just_Images/Indian/Man/m.0hhr6ml_0003.jpg,../images/test/data/Just_Images/Indian/Man/m.0pct_9f_0001.jpg
../images/test/data/Just_Images/Indian/Man/m.03gzpz2_0001.jpg,../images/test/data/Just_Images/Indian/Woman/m.0cmn9c_0001.jpg
../images/test/data/Just_Images/Indian/Man/m.04jl58v_0003.jpg,../images/test/data/Just_Images/Indian/Man/m.0k_pgn_0001.jpg
../images/test/data/Just_Images/Indian/Man/m.0270fn6_0003.jpg,../images/test/data/Just_Images/Indian/Woman/m.01wtrzn_0003.jpg
../images/test/data/Just_Images/Indian/Man/m.03wjmw_0002.jpg,../images/test/data/Just_Images/Indian/Man/m.03wjmw_0004.jpg
../images/test/data/Just_Images/Indian/Man/m.073dmy_0001.jpg,../images/test/data/Just_Images/Indian/Man/m.073dmy_0002.jpg
../images/test/data/Just_Images/Indian/Man/m.06vsvl_0002.jpg,../images/test/data/Just_Images/Indian/Man/m.06vsvl_0003.jpg
../images/test/data/Just_Images/Indian/Man/m.08nvc0_0003.jpg,../images/test/data/Just_Images/Indian/Man/m.08nvc0_0002.jpg
../images/test/data/Just_Images/Indian/Man/m.02vmzp_0003.jpg,../images/test/data/Just_Images/Indian/Man/m.02vmzp_0001.jpg
../images/test/data/Just_Images/Indian/Man/m.09ht9c_0004.jpg,../images/test/data/Just_Images/Indian/Man/m.09ht9c_0002.jpg
../images/test/data/Just_Images/Indian/Man/m.03vrnh_0003.jpg,../images/test/data/Just_Images/Indian/Man/m.03vrnh_0002.jpg
../images/test/data/Just_Images/Indian/Woman/m.0cp3zq_0002.jpg,../images/test/data/Just_Images/Indian/Woman/m.0cp3zq_0001.jpg
../images/test/data/Just_Images/Indian/Man/m.01wt3z_0003.jpg,../images/test/data/Just_Images/Indian/Man/m.01wt3z_0001.jpg
../images/test/data/Just_Images/Indian/Man/m.02q91dd_0002.jpg,../images/test/data/Just_Images/Indian/Man/m.02q91dd_0001.jpg
../images/test/data/Just_Images/Indian/Man/m.09tbzt_0002.jpg,../images/test/data/Just_Images/Indian/Man/m.09tbzt_0003.jpg
../images/test/data/Just_Images/Indian/Man/m.04qmb7_0001.jpg,../images/test/data/Just_Images/Indian/Man/m.04qmb7_0004.jpg
../images/test/data/Just_Images/Indian/Woman/m.0gc7wl1_0002.jpg,../images/test/data/Just_Images/Indian/Woman/m.0gc7wl1_0001.jpg
../images/test/data/Just_Images/Indian/Man/m.06ztd0d_0002.jpg,../images/test/data/Just_Images/Indian/Man/m.06ztd0d_0003.jpg
../images/test/data/Just_Images/Indian/Man/m.025xz3q_0001.jpg,../images/test/data/Just_Images/Indian/Man/m.025xz3q_0002.jpg
../images/test/data/Just_Images/Indian/Man/m.02qh5t5_0005.jpg,../images/test/data/Just_Images/Indian/Man/m.02qh5t5_0002.jpg
../images/test/data/Just_Images/Indian/Man/m.0894j4_0001.jpg,../images/test/data/Just_Images/Indian/Man/m.0894j4_0002.jpg
../images/test/data/Just_Images/Indian/Man/m.09__cd_0002.jpg,../images/test/data/Just_Images/Indian/Man/m.09__cd_0001.jpg
../images/test/data/Just_Images/Indian/Man/m.0ds8wrk_0002.jpg,../images/test/data/Just_Images/Indian/Man/m.0ds8wrk_0001.jpg
../images/test/data/Just_Images/Indian/Man/m.01gfzf_0005.jpg,../images/test/data/Just_Images/Indian/Man/m.02w9nvs_0005.jpg
../images/test/data/Just_Images/Indian/Woman/m.0gchc3g_0001.jpg,../images/test/data/Just_Images/Indian/Woman/m.04n2tgy_0003.jpg
../images/test/data/Just_Images/Indian/Man/m.01pgck_0003.jpg,../images/test/data/Just_Images/Indian/Man/m.0b6p254_0005.jpg
../images/test/data/Just_Images/Indian/Man/m.0c7nkn_0002.jpg,../images/test/data/Just_Images/Indian/Man/m.01gfzf_0005.jpg
../images/test/data/Just_Images/Indian/Woman/m.0fq1yl4_0001.jpg,../images/test/data/Just_Images/Indian/Man/m.0hhps2q_0004.jpg
../images/test/data/Just_Images/Indian/Woman/m.0gbwnxv_0003.jpg,../images/test/data/Just_Images/Indian/Woman/m.04cdkf_0002.jpg
../images/test/data/Just_Images/Indian/Woman/m.027czg7_0001.jpg,../images/test/data/Just_Images/Indian/Woman/m.027czg7_0003.jpg
../images/test/data/Just_Images/Indian/Woman/m.06s6xv_0002.jpg,../images/test/data/Just_Images/Indian/Woman/m.06s6xv_0003.jpg
../images/test/data/Just_Images/Indian/Man/m.02dk8v_0002.jpg,../images/test/data/Just_Images/Indian/Man/m.02dk8v_0005.jpg
../images/test/data/Just_Images/Indian/Man/m.086bz7_0002.jpg,../images/test/data/Just_Images/Indian/Man/m.086bz7_0004.jpg
../images/test/data/Just_Images/Indian/Woman/m.05p9t9q_0001.jpg,../images/test/data/Just_Images/Indian/Woman/m.05p9t9q_0002.jpg
../images/test/data/Just_Images/Indian/Man/m.06rh2z_0002.jpg,../images/test/data/Just_Images/Indian/Man/m.06rh2z_0001.jpg
../images/test/data/Just_Images/Indian/Man/m.04ld_9_0002.jpg,../images/test/data/Just_Images/Indian/Man/m.04ld_9_0001.jpg
../images/test/data/Just_Images/Indian/Woman/m.0cfwz4_0004.jpg,../images/test/data/Just_Images/Indian/Woman/m.0cfwz4_0005.jpg
../images/test/data/Just_Images/Indian/Man/m.05l8ht_0003.jpg,../images/test/data/Just_Images/Indian/Man/m.027xqn8_0004.jpg
../images/test/data/Just_Images/Indian/Man/m.0cfyrp_0004.jpg,../images/test/data/Just_Images/Indian/Man/m.0gbzs4s_0001.jpg
../images/test/data/Just_Images/Indian/Woman/m.04q793__0003.jpg,../images/test/data/Just_Images/Indian/Woman/m.05b18nl_0002.jpg
../images/test/data/Just_Images/Indian/Woman/m.03ctvwj_0001.jpg,../images/test/data/Just_Images/Indian/Woman/m.02q43qv_0003.jpg
../images/test/data/Just_Images/Indian/Woman/m.0nb1y3r_0003.jpg,../images/test/data/Just_Images/Indian/Man/m.02q91dd_0003.jpg
../images/test/data/Just_Images/Indian/Woman/m.04n4lyn_0003.jpg,../images/test/data/Just_Images/Indian/Woman/m.026xrkg_0003.jpg
../images/test/data/Just_Images/Indian/Man/m.04_fcc_0002.jpg,../images/test/data/Just_Images/Indian/Man/m.0hh0xt8_0001.jpg
../images/test/data/Just_Images/Indian/Man/m.07z6vp_0002.jpg,../images/test/data/Just_Images/Indian/Man/m.07z6vp_0001.jpg
../images/test/data/Just_Images/Indian/Woman/m.063zvk4_0002.jpg,../images/test/data/Just_Images/Indian/Woman/m.063zvk4_0001.jpg
../images/test/data/Just_Images/Indian/Woman/m.08t7tw_0001.jpg,../images/test/data/Just_Images/Indian/Woman/m.08t7tw_0002.jpg
../images/test/data/Just_Images/Indian/Man/m.09nc76_0003.jpg,../images/test/data/Just_Images/Indian/Man/m.09nc76_0001.jpg
../images/test/data/Just_Images/Indian/Man/m.05nqnp_0002.jpg,../images/test/data/Just_Images/Indian/Man/m.05nqnp_0003.jpg
../images/test/data/Just_Images/Indian/Man/m.0j4c85h_0002.jpg,../images/test/data/Just_Images/Indian/Man/m.0j4c85h_0006.jpg
../images/test/data/Just_Images/Indian/Man/m.0cl183_0004.jpg,../images/test/data/Just_Images/Indian/Man/m.0cl183_0001.jpg
../images/test/data/Just_Images/Indian/Man/m.07scchw_0005.jpg,../images/test/data/Just_Images/Indian/Man/m.07scchw_0001.jpg
../images/test/data/Just_Images/Indian/Man/m.0n9w20d_0001.jpg,../images/test/data/Just_Images/Indian/Man/m.02qd9n8_0003.jpg
../images/test/data/Just_Images/Indian/Man/m.03cdzm6_0001.jpg,../images/test/data/Just_Images/Indian/Man/m.03cdzm6_0003.jpg
../images/test/data/Just_Images/Indian/Man/m.04_fcc_0001.jpg,../images/test/data/Just_Images/Indian/Man/m.04_fcc_0003.jpg
../images/test/data/Just_Images/Indian/Man/m.0522m32_0002.jpg,../images/test/data/Just_Images/Indian/Man/m.0522m32_0001.jpg
../images/test/data/Just_Images/Indian/Man/m.03d7c5t_0003.jpg,../images/test/data/Just_Images/Indian/Man/m.03d7c5t_0002.jpg
../images/test/data/Just_Images/Indian/Man/m.080g_c3_0007.jpg,../images/test/data/Just_Images/Indian/Man/m.080g_c3_0004.jpg
../images/test/data/Just_Images/Indian/Man/m.04x3j__0002.jpg,../images/test/data/Just_Images/Indian/Man/m.04x3j__0003.jpg
../images/test/data/Just_Images/Indian/Man/m.0cm19f_0003.jpg,../images/test/data/Just_Images/Indian/Man/m.0cm19f_0001.jpg
../images/test/data/Just_Images/Indian/Man/m.04vl8__0003.jpg,../images/test/data/Just_Images/Indian/Man/m.04vl8__0001.jpg
../images/test/data/Just_Images/Indian/Man/m.0j651y6_0003.jpg,../images/test/data/Just_Images/Indian/Man/m.0j651y6_0001.jpg
../images/test/data/Just_Images/Indian/Man/m.0dnlwk_0003.jpg,../images/test/data/Just_Images/Indian/Man/m.0dnlwk_0001.jpg
../images/test/data/Just_Images/Indian/Man/m.0kvfq2z_0001.jpg,../images/test/data/Just_Images/Indian/Man/m.0kvfq2z_0003.jpg
../images/test/data/Just_Images/Indian/Man/m.0b6p254_0004.jpg,../images/test/data/Just_Images/Indian/Man/m.03mdk5_0001.jpg
../images/test/data/Just_Images/Indian/Man/m.0c3qff_0003.jpg,../images/test/data/Just_Images/Indian/Man/m.0c3qff_0002.jpg
../images/test/data/Just_Images/Indian/Man/m.01ryns0_0001.jpg,../images/test/data/Just_Images/Indian/Man/m.01ryns0_0006.jpg
../images/test/data/Just_Images/Indian/Man/m.03xtyz_0002.jpg,../images/test/data/Just_Images/Indian/Man/m.03xtyz_0003.jpg
../images/test/data/Just_Images/Indian/Man/m.06zqqv_0003.jpg,../images/test/data/Just_Images/Indian/Man/m.06zqqv_0001.jpg
../images/test/data/Just_Images/Indian/Woman/m.0c98nf_0003.jpg,../images/test/data/Just_Images/Indian/Woman/m.0c98nf_0002.jpg
../images/test/data/Just_Images/Indian/Man/m.051_y57_0002.jpg,../images/test/data/Just_Images/Indian/Man/m.051_y57_0003.jpg
../images/test/data/Just_Images/Indian/Man/m.0261t79_0001.jpg,../images/test/data/Just_Images/Indian/Man/m.0261t79_0002.jpg
../images/test/data/Just_Images/Indian/Woman/m.0j519gl_0002.jpg,../images/test/data/Just_Images/Indian/Woman/m.0j519gl_0001.jpg
../images/test/data/Just_Images/Indian/Man/m.060dvc_0002.jpg,../images/test/data/Just_Images/Indian/Man/m.060dvc_0003.jpg
../images/test/data/Just_Images/Indian/Woman/m.05zr830_0002.jpg,../images/test/data/Just_Images/Indian/Woman/m.0n9m1qs_0004.jpg
../images/test/data/Just_Images/Indian/Man/m.0808dpt_0002.jpg,../images/test/data/Just_Images/Indian/Man/m.0fww52_0001.jpg
../images/test/data/Just_Images/Indian/Man/m.03h47lb_0002.jpg,../images/test/data/Just_Images/Indian/Man/m.04gfkr_0001.jpg
../images/test/data/Just_Images/Indian/Woman/m.02q97xt_0002.jpg,../images/test/data/Just_Images/Indian/Woman/m.0gc2lz2_0005.jpg
../images/test/data/Just_Images/Indian/Woman/m.03cbz21_0004.jpg,../images/test/data/Just_Images/Indian/Man/m.03ydbdk_0001.jpg
