../images/test/data/Just_Images/African/Man/m.07wj0y_0001.jpg,../images/test/data/Just_Images/African/Man/m.07wj0y_0003.jpg
../images/test/data/Just_Images/African/Man/m.056kg4l_0002.jpg,../images/test/data/Just_Images/African/Man/m.056kg4l_0004.jpg
../images/test/data/Just_Images/African/Man/m.095wfp_0003.jpg,../images/test/data/Just_Images/African/Man/m.095wfp_0002.jpg
../images/test/data/Just_Images/African/Man/m.0b4hdn_0001.jpg,../images/test/data/Just_Images/African/Man/m.0b4hdn_0002.jpg
../images/test/data/Just_Images/African/Man/m.01dz5n_0002.jpg,../images/test/data/Just_Images/African/Man/m.01dz5n_0001.jpg
../images/test/data/Just_Images/African/Man/m.0c_d2r_0001.jpg,../images/test/data/Just_Images/African/Man/m.0c_d2r_0002.jpg
../images/test/data/Just_Images/African/Man/m.07b1rn_0002.jpg,../images/test/data/Just_Images/African/Man/m.07b1rn_0001.jpg
../images/test/data/Just_Images/African/Man/m.022vqn_0001.jpg,../images/test/data/Just_Images/African/Man/m.01sdb2_0001.jpg
../images/test/data/Just_Images/African/Man/m.0fhh_y_0001.jpg,../images/test/data/Just_Images/African/Man/m.05b3qns_0003.jpg
../images/test/data/Just_Images/African/Man/m.05n8y__0001.jpg,../images/test/data/Just_Images/African/Man/m.0ksmvw_0002.jpg
../images/test/data/Just_Images/African/Man/m.064ll_9_0002.jpg,../images/test/data/Just_Images/African/Man/m.0268nlc_0001.jpg
../images/test/data/Just_Images/African/Man/m.027sssz_0001.jpg,../images/test/data/Just_Images/African/Man/m.0dp57c_0001.jpg
../images/test/data/Just_Images/African/Man/m.05q5bqf_0001.jpg,../images/test/data/Just_Images/African/Man/m.0g5rdrb_0004.jpg
../images/test/data/Just_Images/African/Man/m.0d6_dj_0002.jpg,../images/test/data/Just_Images/African/Man/m.0d6_dj_0003.jpg
../images/test/data/Just_Images/African/Man/m.03b_l6b_0001.jpg,../images/test/data/Just_Images/African/Man/m.03b_l6b_0003.jpg
../images/test/data/Just_Images/African/Man/m.0gg7k29_0003.jpg,../images/test/data/Just_Images/African/Man/m.0gg7k29_0002.jpg
../images/test/data/Just_Images/African/Man/m.01kys2_0002.jpg,../images/test/data/Just_Images/African/Man/m.01kys2_0003.jpg
../images/test/data/Just_Images/African/Man/m.03vjxq_0002.jpg,../images/test/data/Just_Images/African/Man/m.03vjxq_0003.jpg
../images/test/data/Just_Images/African/Man/m.01vc3sx_0002.jpg,../images/test/data/Just_Images/African/Man/m.01vc3sx_0003.jpg
../images/test/data/Just_Images/African/Man/m.0dvhs__0001.jpg,../images/test/data/Just_Images/African/Man/m.0dvhs__0002.jpg
../images/test/data/Just_Images/African/Man/m.03xfq7_0002.jpg,../images/test/data/Just_Images/African/Man/m.03xfq7_0005.jpg
../images/test/data/Just_Images/African/Man/m.01mn70j_0003.jpg,../images/test/data/Just_Images/African/Man/m.01mn70j_0001.jpg
../images/test/data/Just_Images/African/Man/m.02p65p_0001.jpg,../images/test/data/Just_Images/African/Man/m.0bpf05_0001.jpg
../images/test/data/Just_Images/African/Man/m.0dsp1f_0003.jpg,../images/test/data/Just_Images/African/Man/m.027whv1_0003.jpg
../images/test/data/Just_Images/African/Man/m.03yf3gy_0001.jpg,../images/test/data/Just_Images/African/Man/m.0805qgz_0002.jpg
../images/test/data/Just_Images/African/Man/m.0gh844t_0003.jpg,../images/test/data/Just_Images/African/Man/m.0nb1xzr_0004.jpg
../images/test/data/Just_Images/African/Man/m.0qs8gvt_0001.jpg,../images/test/data/Just_Images/African/Man/m.043s0k8_0003.jpg
../images/test/data/Just_Images/African/Man/m.03mdjxb_0003.jpg,../images/test/data/Just_Images/African/Man/m.05mxyym_0002.jpg
../images/test/data/Just_Images/African/Man/m.027h94x_0005.jpg,../images/test/data/Just_Images/African/Man/m.083bzp_0001.jpg
../images/test/data/Just_Images/African/Man/m.031ycv_0002.jpg,../images/test/data/Just_Images/African/Man/m.031ycv_0003.jpg
../images/test/data/Just_Images/African/Man/m.02qjc22_0002.jpg,../images/test/data/Just_Images/African/Man/m.02qjc22_0001.jpg
../images/test/data/Just_Images/African/Man/m.05ykr0_0003.jpg,../images/test/data/Just_Images/African/Man/m.05ykr0_0002.jpg
../images/test/data/Just_Images/African/Man/m.027whv1_0002.jpg,../images/test/data/Just_Images/African/Man/m.027whv1_0005.jpg
../images/test/data/Just_Images/African/Man/m.03hk723_0004.jpg,../images/test/data/Just_Images/African/Man/m.03hk723_0003.jpg
../images/test/data/Just_Images/African/Man/m.0f2_pj_0002.jpg,../images/test/data/Just_Images/African/Man/m.0f2_pj_0001.jpg
../images/test/data/Just_Images/African/Man/m.0gvm06_0003.jpg,../images/test/data/Just_Images/African/Man/m.04grntd_0004.jpg
../images/test/data/Just_Images/African/Man/m.0273fxl_0004.jpg,../images/test/data/Just_Images/African/Man/m.07ckyy_0004.jpg
../images/test/data/Just_Images/African/Man/m.027vzgl_0001.jpg,../images/test/data/Just_Images/African/Man/m.0czd60k_0005.jpg
../images/test/data/Just_Images/African/Man/m.0khpr49_0004.jpg,../images/test/data/Just_Images/African/Man/m.03hms2t_0003.jpg
../images/test/data/Just_Images/African/Man/m.06qv8h_0002.jpg,../images/test/data/Just_Images/African/Man/m.02z3rp5_0001.jpg
../images/test/data/Just_Images/African/Man/m.027kzkb_0001.jpg,../images/test/data/Just_Images/African/Man/m.027kzkb_0002.jpg
../images/test/data/Just_Images/African/Man/m.05h1rbk_0004.jpg,../images/test/data/Just_Images/African/Man/m.05h1rbk_0002.jpg
../images/test/data/Just_Images/African/Man/m.06ktrf_0003.jpg,../images/test/data/Just_Images/African/Man/m.06ktrf_0002.jpg
../images/test/data/Just_Images/African/Man/m.04rmx__0001.jpg,../images/test/data/Just_Images/African/Man/m.04rmx__0002.jpg
../images/test/data/Just_Images/African/Man/m.0crfdgn_0003.jpg,../images/test/data/Just_Images/African/Man/m.0crfdgn_0004.jpg
../images/test/data/Just_Images/African/Man/m.0gg1p1_0003.jpg,../images/test/data/Just_Images/African/Man/m.0gg1p1_0002.jpg
../images/test/data/Just_Images/African/Man/m.01ky6yy_0001.jpg,../images/test/data/Just_Images/African/Man/m.01ky6yy_0004.jpg
../images/test/data/Just_Images/African/Man/m.04mx3g_0002.jpg,../images/test/data/Just_Images/African/Man/m.04mx3g_0001.jpg
../images/test/data/Just_Images/African/Man/m.0g7_9f_0001.jpg,../images/test/data/Just_Images/African/Man/m.0g7_9f_0002.jpg
../images/test/data/Just_Images/African/Man/m.0gt6qk_0004.jpg,../images/test/data/Just_Images/African/Man/m.0gt6qk_0002.jpg
../images/test/data/Just_Images/African/Man/m.01vxt_d_0003.jpg,../images/test/data/Just_Images/African/Man/m.01vxt_d_0002.jpg
../images/test/data/Just_Images/African/Man/m.064qbj5_0002.jpg,../images/test/data/Just_Images/African/Man/m.02d45s_0003.jpg
../images/test/data/Just_Images/African/Man/m.0ll1g_t_0002.jpg,../images/test/data/Just_Images/African/Man/m.02x5379_0001.jpg
../images/test/data/Just_Images/African/Man/m.051q16_0002.jpg,../images/test/data/Just_Images/African/Man/m.03cfvqd_0002.jpg
../images/test/data/Just_Images/African/Man/m.05nsyh_0002.jpg,../images/test/data/Just_Images/African/Man/m.027hxcv_0004.jpg
../images/test/data/Just_Images/African/Man/m.01kys2_0001.jpg,../images/test/data/Just_Images/African/Man/m.02vvnzr_0002.jpg
../images/test/data/Just_Images/African/Man/m.0j9ky3z_0002.jpg,../images/test/data/Just_Images/African/Man/m.0jwy1sw_0001.jpg
../images/test/data/Just_Images/African/Man/m.0b0pdf_0001.jpg,../images/test/data/Just_Images/African/Man/m.0fpgg4_0003.jpg
../images/test/data/Just_Images/African/Man/m.08hcd7_0001.jpg,../images/test/data/Just_Images/African/Man/m.027g5hs_0002.jpg
../images/test/data/Just_Images/African/Man/m.0cnzl51_0003.jpg,../images/test/data/Just_Images/African/Man/m.05b34w0_0003.jpg
../images/test/data/Just_Images/African/Man/m.0821f0_0001.jpg,../images/test/data/Just_Images/African/Man/m.0h3mdym_0005.jpg
../images/test/data/Just_Images/African/Man/m.0g8xht_0001.jpg,../images/test/data/Just_Images/African/Man/m.01kp9_8_0001.jpg
../images/test/data/Just_Images/African/Man/m.03gr4r_0001.jpg,../images/test/data/Just_Images/African/Man/m.03gr4r_0003.jpg
../images/test/data/Just_Images/African/Man/m.0523xrr_0002.jpg,../images/test/data/Just_Images/African/Man/m.0523xrr_0003.jpg
../images/test/data/Just_Images/African/Man/m.03_tdt_0001.jpg,../images/test/data/Just_Images/African/Man/m.03_tdt_0002.jpg
../images/test/data/Just_Images/African/Man/m.042dsg_0004.jpg,../images/test/data/Just_Images/African/Man/m.042dsg_0002.jpg
../images/test/data/Just_Images/African/Man/m.0g1my2_0004.jpg,../images/test/data/Just_Images/African/Man/m.0g1my2_0002.jpg
../images/test/data/Just_Images/African/Man/m.03cjnb7_0002.jpg,../images/test/data/Just_Images/African/Man/m.03cjnb7_0003.jpg
../images/test/data/Just_Images/African/Man/m.0pb87_s_0003.jpg,../images/test/data/Just_Images/African/Man/m.0pb87_s_0004.jpg
../images/test/data/Just_Images/African/Man/m.03_4rg_0003.jpg,../images/test/data/Just_Images/African/Man/m.03_4rg_0004.jpg
../images/test/data/Just_Images/African/Man/m.01l19b__0001.jpg,../images/test/data/Just_Images/African/Man/m.01l19b__0003.jpg
../images/test/data/Just_Images/African/Man/m.026p8k0_0001.jpg,../images/test/data/Just_Images/African/Man/m.026p8k0_0003.jpg
../images/test/data/Just_Images/African/Man/m.05nk9x_0003.jpg,../images/test/data/Just_Images/African/Man/m.05nk9x_0002.jpg
../images/test/data/Just_Images/African/Man/m.02w2g_p_0003.jpg,../images/test/data/Just_Images/African/Man/m.02w2g_p_0004.jpg
../images/test/data/Just_Images/African/Man/m.05fx25_0002.jpg,../images/test/data/Just_Images/African/Man/m.05fx25_0003.jpg
../images/test/data/Just_Images/African/Man/m.07q38w_0002.jpg,../images/test/data/Just_Images/African/Man/m.07q38w_0003.jpg
../images/test/data/Just_Images/African/Man/m.01cqbg_0003.jpg,../images/test/data/Just_Images/African/Man/m.01cqbg_0001.jpg
../images/test/data/Just_Images/African/Man/m.043k6hj_0002.jpg,../images/test/data/Just_Images/African/Man/m.07l8mg_0002.jpg
../images/test/data/Just_Images/African/Man/m.026l4_c_0003.jpg,../images/test/data/Just_Images/African/Man/m.03kklc_0003.jpg
../images/test/data/Just_Images/African/Man/m.027g5hs_0003.jpg,../images/test/data/Just_Images/African/Man/m.03_14b_0003.jpg
../images/test/data/Just_Images/African/Man/m.04f3239_0003.jpg,../images/test/data/Just_Images/African/Man/m.0h3mxgt_0002.jpg
../images/test/data/Just_Images/African/Man/m.03lhl2_0002.jpg,../images/test/data/Just_Images/African/Man/m.0j4lqmx_0003.jpg
../images/test/data/Just_Images/African/Man/m.06c4zl_0004.jpg,../images/test/data/Just_Images/African/Man/m.0gffxsn_0001.jpg
../images/test/data/Just_Images/African/Man/m.02tr95_0001.jpg,../images/test/data/Just_Images/African/Man/m.047d_81_0003.jpg
../images/test/data/Just_Images/African/Man/m.05mxyym_0005.jpg,../images/test/data/Just_Images/African/Man/m.0bmjqw0_0006.jpg
../images/test/data/Just_Images/African/Man/m.02vncfs_0002.jpg,../images/test/data/Just_Images/African/Man/m.07sblhk_0001.jpg
../images/test/data/Just_Images/African/Man/m.076j40_0001.jpg,../images/test/data/Just_Images/African/Man/m.04jnt1_0001.jpg
../images/test/data/Just_Images/African/Man/m.03lj2t_0003.jpg,../images/test/data/Just_Images/African/Man/m.03s4p__0003.jpg
../images/test/data/Just_Images/African/Man/m.09rx3h0_0001.jpg,../images/test/data/Just_Images/African/Man/m.06wz7d_0004.jpg
../images/test/data/Just_Images/African/Man/m.03v8j3_0002.jpg,../images/test/data/Just_Images/African/Man/m.07k40j5_0003.jpg
../images/test/data/Just_Images/African/Man/m.0dlnvv_0002.jpg,../images/test/data/Just_Images/African/Man/m.0dlnvv_0004.jpg
../images/test/data/Just_Images/African/Man/m.02z5jqp_0003.jpg,../images/test/data/Just_Images/African/Man/m.02z5jqp_0001.jpg
../images/test/data/Just_Images/African/Man/m.0crhd9b_0003.jpg,../images/test/data/Just_Images/African/Man/m.0crhd9b_0005.jpg
../images/test/data/Just_Images/African/Man/m.04lwt4_0002.jpg,../images/test/data/Just_Images/African/Man/m.04lwt4_0001.jpg
../images/test/data/Just_Images/African/Man/m.07rt2_0002.jpg,../images/test/data/Just_Images/African/Man/m.07rt2_0003.jpg
../images/test/data/Just_Images/African/Man/m.04jbvxs_0002.jpg,../images/test/data/Just_Images/African/Man/m.04jbvxs_0001.jpg
../images/test/data/Just_Images/African/Man/m.0gyt4qm_0002.jpg,../images/test/data/Just_Images/African/Man/m.04gkvys_0002.jpg
../images/test/data/Just_Images/African/Man/m.048v_w_0003.jpg,../images/test/data/Just_Images/African/Man/m.07kd8f6_0001.jpg
../images/test/data/Just_Images/African/Man/m.0cd5jf_0003.jpg,../images/test/data/Just_Images/African/Man/m.0h56bty_0001.jpg
../images/test/data/Just_Images/African/Man/m.0hzr_vw_0004.jpg,../images/test/data/Just_Images/African/Man/m.0j445s5_0003.jpg
../images/test/data/Just_Images/African/Man/m.025_v3b_0006.jpg,../images/test/data/Just_Images/African/Man/m.0j446m6_0003.jpg
../images/test/data/Just_Images/African/Man/m.03gr4r_0002.jpg,../images/test/data/Just_Images/African/Man/m.01kcys_0003.jpg
../images/test/data/Just_Images/African/Man/m.0fpgg4_0001.jpg,../images/test/data/Just_Images/African/Man/m.0fpgg4_0004.jpg
../images/test/data/Just_Images/African/Man/m.0g27vr_0005.jpg,../images/test/data/Just_Images/African/Man/m.0g27vr_0003.jpg
../images/test/data/Just_Images/African/Man/m.07y4v4_0001.jpg,../images/test/data/Just_Images/African/Man/m.07y4v4_0002.jpg
../images/test/data/Just_Images/African/Man/m.05r6qt_0003.jpg,../images/test/data/Just_Images/African/Man/m.05r6qt_0002.jpg
../images/test/data/Just_Images/African/Man/m.05p823_0001.jpg,../images/test/data/Just_Images/African/Man/m.05p823_0002.jpg
../images/test/data/Just_Images/African/Man/m.07sws6_0002.jpg,../images/test/data/Just_Images/African/Man/m.07sws6_0004.jpg
../images/test/data/Just_Images/African/Man/m.01mtsrk_0004.jpg,../images/test/data/Just_Images/African/Man/m.01mtsrk_0001.jpg
../images/test/data/Just_Images/African/Man/m.03hp91w_0002.jpg,../images/test/data/Just_Images/African/Man/m.0d5d_v_0002.jpg
../images/test/data/Just_Images/African/Man/m.0b3szh_0002.jpg,../images/test/data/Just_Images/African/Man/m.08mxgv_0005.jpg
../images/test/data/Just_Images/African/Man/m.0cwtfn_0005.jpg,../images/test/data/Just_Images/African/Man/m.0p76pd5_0003.jpg
../images/test/data/Just_Images/African/Man/m.0h3_zx_0003.jpg,../images/test/data/Just_Images/African/Man/m.0bs8wn2_0002.jpg
../images/test/data/Just_Images/African/Man/m.04mvwc_0004.jpg,../images/test/data/Just_Images/African/Man/m.0l8mh8x_0004.jpg
../images/test/data/Just_Images/African/Man/m.026y3cs_0001.jpg,../images/test/data/Just_Images/African/Man/m.01c_3f_0003.jpg
../images/test/data/Just_Images/African/Man/m.03cvwck_0004.jpg,../images/test/data/Just_Images/African/Man/m.05106z_0004.jpg
../images/test/data/Just_Images/African/Man/m.03f0j8g_0004.jpg,../images/test/data/Just_Images/African/Man/m.03f0j8g_0002.jpg
../images/test/data/Just_Images/African/Man/m.0fry41_0002.jpg,../images/test/data/Just_Images/African/Man/m.0fry41_0005.jpg
../images/test/data/Just_Images/African/Man/m.03t_38_0001.jpg,../images/test/data/Just_Images/African/Man/m.03t_38_0002.jpg
../images/test/data/Just_Images/African/Man/m.08tgjz_0002.jpg,../images/test/data/Just_Images/African/Man/m.08tgjz_0003.jpg
../images/test/data/Just_Images/African/Man/m.026hcrd_0004.jpg,../images/test/data/Just_Images/African/Man/m.026hcrd_0002.jpg
../images/test/data/Just_Images/African/Man/m.07s4k2r_0004.jpg,../images/test/data/Just_Images/African/Man/m.07s4k2r_0003.jpg
../images/test/data/Just_Images/African/Man/m.04ms19_0001.jpg,../images/test/data/Just_Images/African/Man/m.04ms19_0004.jpg
../images/test/data/Just_Images/African/Man/m.01prt74_0003.jpg,../images/test/data/Just_Images/African/Man/m.01prt74_0004.jpg
../images/test/data/Just_Images/African/Man/m.03ykfwc_0003.jpg,../images/test/data/Just_Images/African/Man/m.03ykfwc_0004.jpg
../images/test/data/Just_Images/African/Man/m.05d_x5_0004.jpg,../images/test/data/Just_Images/African/Man/m.05d_x5_0005.jpg
../images/test/data/Just_Images/African/Man/m.07b_7v_0001.jpg,../images/test/data/Just_Images/African/Man/m.07b_7v_0003.jpg
../images/test/data/Just_Images/African/Man/m.07jh39_0004.jpg,../images/test/data/Just_Images/African/Man/m.0bmf_6_0003.jpg
../images/test/data/Just_Images/African/Man/m.02wvdp0_0001.jpg,../images/test/data/Just_Images/African/Man/m.0283ccb_0003.jpg
../images/test/data/Just_Images/African/Man/m.0kvclh4_0004.jpg,../images/test/data/Just_Images/African/Man/m.0gty6cc_0004.jpg
../images/test/data/Just_Images/African/Man/m.059g1g_0001.jpg,../images/test/data/Just_Images/African/Man/m.059g1g_0003.jpg
../images/test/data/Just_Images/African/Man/m.0bqpqh_0002.jpg,../images/test/data/Just_Images/African/Man/m.0bqpqh_0003.jpg
../images/test/data/Just_Images/African/Man/m.0czfmg_0003.jpg,../images/test/data/Just_Images/African/Man/m.0czfmg_0004.jpg
../images/test/data/Just_Images/African/Man/m.09fkb__0003.jpg,../images/test/data/Just_Images/African/Man/m.09fkb__0001.jpg
../images/test/data/Just_Images/African/Man/m.02q8l3n_0003.jpg,../images/test/data/Just_Images/African/Man/m.02q8l3n_0002.jpg
../images/test/data/Just_Images/African/Man/m.0j3fh61_0001.jpg,../images/test/data/Just_Images/African/Man/m.0j3fh61_0003.jpg
../images/test/data/Just_Images/African/Man/m.0ql6xn8_0003.jpg,../images/test/data/Just_Images/African/Man/m.0ql6xn8_0002.jpg
../images/test/data/Just_Images/African/Man/m.012tmz_0003.jpg,../images/test/data/Just_Images/African/Man/m.012tmz_0004.jpg
../images/test/data/Just_Images/African/Man/m.01k5wsd_0001.jpg,../images/test/data/Just_Images/African/Man/m.01k5wsd_0002.jpg
../images/test/data/Just_Images/African/Man/m.0j3fxbh_0002.jpg,../images/test/data/Just_Images/African/Man/m.0j3fxbh_0001.jpg
../images/test/data/Just_Images/African/Man/m.07s45jp_0005.jpg,../images/test/data/Just_Images/African/Man/m.0hzr_vw_0003.jpg
../images/test/data/Just_Images/African/Man/m.09g86wb_0003.jpg,../images/test/data/Just_Images/African/Man/m.0856lh_0003.jpg
../images/test/data/Just_Images/African/Man/m.046t69_0002.jpg,../images/test/data/Just_Images/African/Man/m.0j47mtj_0001.jpg
../images/test/data/Just_Images/African/Man/m.03c31xs_0004.jpg,../images/test/data/Just_Images/African/Man/m.05lnvt_0001.jpg
../images/test/data/Just_Images/African/Man/m.05zl_27_0003.jpg,../images/test/data/Just_Images/African/Man/m.07ch55_0002.jpg
../images/test/data/Just_Images/African/Man/m.08fbpm_0001.jpg,../images/test/data/Just_Images/African/Man/m.01nxt09_0004.jpg
../images/test/data/Just_Images/African/Man/m.05zr3qf_0001.jpg,../images/test/data/Just_Images/African/Man/m.099_rr_0001.jpg
../images/test/data/Just_Images/African/Man/m.03bj2h_0003.jpg,../images/test/data/Just_Images/African/Man/m.04qy1t_0002.jpg
../images/test/data/Just_Images/African/Man/m.0fqscpg_0001.jpg,../images/test/data/Just_Images/African/Man/m.09g82r_0003.jpg
../images/test/data/Just_Images/African/Man/m.025w77c_0004.jpg,../images/test/data/Just_Images/African/Man/m.02d45s_0004.jpg
../images/test/data/Just_Images/African/Man/m.01n9lqm_0003.jpg,../images/test/data/Just_Images/African/Man/m.01n9lqm_0001.jpg
../images/test/data/Just_Images/African/Man/m.03bj2h_0003.jpg,../images/test/data/Just_Images/African/Man/m.03bj2h_0001.jpg
../images/test/data/Just_Images/African/Man/m.0ff52x_0001.jpg,../images/test/data/Just_Images/African/Man/m.0ff52x_0003.jpg
../images/test/data/Just_Images/African/Man/m.0bcttc_0001.jpg,../images/test/data/Just_Images/African/Man/m.0bcttc_0003.jpg
../images/test/data/Just_Images/African/Man/m.0j_5_10_0001.jpg,../images/test/data/Just_Images/African/Man/m.0j_5_10_0003.jpg
../images/test/data/Just_Images/African/Man/m.05zkbxm_0002.jpg,../images/test/data/Just_Images/African/Man/m.05zkbxm_0003.jpg
../images/test/data/Just_Images/African/Man/m.026d1r1_0001.jpg,../images/test/data/Just_Images/African/Man/m.026d1r1_0003.jpg
../images/test/data/Just_Images/African/Man/m.026tjsh_0002.jpg,../images/test/data/Just_Images/African/Man/m.026tjsh_0001.jpg
../images/test/data/Just_Images/African/Man/m.0h3sh77_0002.jpg,../images/test/data/Just_Images/African/Man/m.0h3sh77_0004.jpg
../images/test/data/Just_Images/African/Man/m.01vphg_0003.jpg,../images/test/data/Just_Images/African/Man/m.01vphg_0002.jpg
../images/test/data/Just_Images/African/Man/m.0gh844t_0002.jpg,../images/test/data/Just_Images/African/Man/m.0gh844t_0003.jpg
../images/test/data/Just_Images/African/Man/m.0gj12l_0001.jpg,../images/test/data/Just_Images/African/Man/m.0gj12l_0002.jpg
../images/test/data/Just_Images/African/Man/m.0cwzqs_0001.jpg,../images/test/data/Just_Images/African/Man/m.0cwzqs_0002.jpg
../images/test/data/Just_Images/African/Man/m.0h676gj_0001.jpg,../images/test/data/Just_Images/African/Man/m.047qlgb_0002.jpg
../images/test/data/Just_Images/African/Man/m.01w97kk_0003.jpg,../images/test/data/Just_Images/African/Man/m.01wxply_0005.jpg
../images/test/data/Just_Images/African/Man/m.0gzkxh_0002.jpg,../images/test/data/Just_Images/African/Man/m.064p34k_0002.jpg
../images/test/data/Just_Images/African/Man/m.09gmm75_0003.jpg,../images/test/data/Just_Images/African/Man/m.0gmdb2__0003.jpg
../images/test/data/Just_Images/African/Man/m.03f1y6p_0003.jpg,../images/test/data/Just_Images/African/Man/m.01w9pst_0003.jpg
../images/test/data/Just_Images/African/Man/m.0g40qv_0001.jpg,../images/test/data/Just_Images/African/Man/m.056txjf_0001.jpg
