../images/test/data/Just_Images/Asian/Man/m.0547_x_0001.jpg,../images/test/data/Just_Images/Asian/Man/m.0547_x_0003.jpg
../images/test/data/Just_Images/Asian/Man/m.076zpfm_0003.jpg,../images/test/data/Just_Images/Asian/Man/m.076zpfm_0004.jpg
../images/test/data/Just_Images/Asian/Man/m.0jsnwy_0002.jpg,../images/test/data/Just_Images/Asian/Man/m.0jsnwy_0001.jpg
../images/test/data/Just_Images/Asian/Man/m.026m_q4_0003.jpg,../images/test/data/Just_Images/Asian/Man/m.026m_q4_0002.jpg
../images/test/data/Just_Images/Asian/Man/m.0112yl_0001.jpg,../images/test/data/Just_Images/Asian/Man/m.0112yl_0002.jpg
../images/test/data/Just_Images/Asian/Man/m.03d_03_0004.jpg,../images/test/data/Just_Images/Asian/Man/m.03d_03_0006.jpg
../images/test/data/Just_Images/Asian/Man/m.09g8n09_0001.jpg,../images/test/data/Just_Images/Asian/Man/m.09g8n09_0003.jpg
../images/test/data/Just_Images/Asian/Man/m.09v24nn_0004.jpg,../images/test/data/Just_Images/Asian/Man/m.0db420_0004.jpg
../images/test/data/Just_Images/Asian/Man/m.02vmv5b_0001.jpg,../images/test/data/Just_Images/Asian/Woman/m.0b6nlhh_0001.jpg
../images/test/data/Just_Images/Asian/Man/m.05g2gj_0002.jpg,../images/test/data/Just_Images/Asian/Man/m.05g2gj_0003.jpg
../images/test/data/Just_Images/Asian/Man/m.0gvvfq2_0003.jpg,../images/test/data/Just_Images/Asian/Man/m.0gvvfq2_0001.jpg
../images/test/data/Just_Images/Asian/Man/m.01gcrk_0002.jpg,../images/test/data/Just_Images/Asian/Man/m.01gcrk_0001.jpg
../images/test/data/Just_Images/Asian/Man/m.04gszdn_0004.jpg,../images/test/data/Just_Images/Asian/Man/m.04gszdn_0005.jpg
../images/test/data/Just_Images/Asian/Man/m.0jvt9gt_0003.jpg,../images/test/data/Just_Images/Asian/Man/m.0jvt9gt_0002.jpg
../images/test/data/Just_Images/Asian/Man/m.05vfqr5_0001.jpg,../images/test/data/Just_Images/Asian/Man/m.05vfqr5_0002.jpg
../images/test/data/Just_Images/Asian/Man/m.0bfwc9_0003.jpg,../images/test/data/Just_Images/Asian/Man/m.0bfwc9_0001.jpg
../images/test/data/Just_Images/Asian/Man/m.08gkz8_0001.jpg,../images/test/data/Just_Images/Asian/Man/m.02w6z6n_0002.jpg
../images/test/data/Just_Images/Asian/Man/m.02qqvtq_0001.jpg,../images/test/data/Just_Images/Asian/Man/m.065y765_0003.jpg
../images/test/data/Just_Images/Asian/Man/m.0dr2t6_0002.jpg,../images/test/data/Just_Images/Asian/Woman/m.065zr88_0004.jpg
../images/test/data/Just_Images/Asian/Man/m.02pk_q__0003.jpg,../images/test/data/Just_Images/Asian/Man/m.0dryl7j_0001.jpg
../images/test/data/Just_Images/Asian/Man/m.07dy4m_0001.jpg,../images/test/data/Just_Images/Asian/Man/m.01rzvh2_0004.jpg
../images/test/data/Just_Images/Asian/Man/m.0c8gr5_0005.jpg,../images/test/data/Just_Images/Asian/Man/m.09ww0p_0003.jpg
../images/test/data/Just_Images/Asian/Man/m.01s04b_0002.jpg,../images/test/data/Just_Images/Asian/Man/m.06hx3t_0004.jpg
../images/test/data/Just_Images/Asian/Man/m.06w9vg9_0003.jpg,../images/test/data/Just_Images/Asian/Man/m.06w9vg9_0002.jpg
../images/test/data/Just_Images/Asian/Man/m.0kcfg23_0002.jpg,../images/test/data/Just_Images/Asian/Man/m.0kcfg23_0005.jpg
../images/test/data/Just_Images/Asian/Man/m.0hr6rhl_0004.jpg,../images/test/data/Just_Images/Asian/Man/m.0hr6rhl_0002.jpg
../images/test/data/Just_Images/Asian/Man/m.0dcjpw_0002.jpg,../images/test/data/Just_Images/Asian/Man/m.0dcjpw_0004.jpg
../images/test/data/Just_Images/Asian/Man/m.04s7hw_0002.jpg,../images/test/data/Just_Images/Asian/Man/m.04s7hw_0003.jpg
../images/test/data/Just_Images/Asian/Man/m.0hr6rhl_0001.jpg,../images/test/data/Just_Images/Asian/Man/m.0hr6rhl_0002.jpg
../images/test/data/Just_Images/Asian/Man/m.09trb1_0003.jpg,../images/test/data/Just_Images/Asian/Man/m.09trb1_0002.jpg
../images/test/data/Just_Images/Asian/Man/m.0fgt4f_0004.jpg,../images/test/data/Just_Images/Asian/Man/m.0fgt4f_0002.jpg
../images/test/data/Just_Images/Asian/Man/m.01y2rq_0005.jpg,../images/test/data/Just_Images/Asian/Man/m.01y2rq_0003.jpg
../images/test/data/Just_Images/Asian/Man/m.04gq5f7_0003.jpg,../images/test/data/Just_Images/Asian/Man/m.04gq5f7_0002.jpg
../images/test/data/Just_Images/Asian/Man/m.02rwq0g_0002.jpg,../images/test/data/Just_Images/Asian/Man/m.02rwq0g_0001.jpg
../images/test/data/Just_Images/Asian/Man/m.04lj2md_0005.jpg,../images/test/data/Just_Images/Asian/Man/m.04lj2md_0003.jpg
../images/test/data/Just_Images/Asian/Man/m.05mqp85_0003.jpg,../images/test/data/Just_Images/Asian/Man/m.05p1zrd_0002.jpg
../images/test/data/Just_Images/Asian/Man/m.012t8n_0001.jpg,../images/test/data/Just_Images/Asian/Man/m.08w6ch_0004.jpg
../images/test/data/Just_Images/Asian/Man/m.01bffy_0001.jpg,../images/test/data/Just_Images/Asian/Man/m.01cfp8_0002.jpg
../images/test/data/Just_Images/Asian/Man/m.05sv0t_0001.jpg,../images/test/data/Just_Images/Asian/Man/m.0kcffss_0003.jpg
../images/test/data/Just_Images/Asian/Man/m.0kcgrfx_0002.jpg,../images/test/data/Just_Images/Asian/Man/m.0kcgrfx_0003.jpg
../images/test/data/Just_Images/Asian/Man/m.02r80dq_0001.jpg,../images/test/data/Just_Images/Asian/Man/m.02r80dq_0004.jpg
../images/test/data/Just_Images/Asian/Man/m.07x8q1_0001.jpg,../images/test/data/Just_Images/Asian/Man/m.07x8q1_0002.jpg
../images/test/data/Just_Images/Asian/Man/m.02890bv_0005.jpg,../images/test/data/Just_Images/Asian/Man/m.02890bv_0004.jpg
../images/test/data/Just_Images/Asian/Man/m.03c8f0h_0002.jpg,../images/test/data/Just_Images/Asian/Man/m.03c8f0h_0001.jpg
../images/test/data/Just_Images/Asian/Man/m.0gh700h_0002.jpg,../images/test/data/Just_Images/Asian/Man/m.0gh700h_0001.jpg
../images/test/data/Just_Images/Asian/Man/m.0b8ydm_0001.jpg,../images/test/data/Just_Images/Asian/Man/m.0b8ydm_0003.jpg
../images/test/data/Just_Images/Asian/Man/m.076zfcq_0001.jpg,../images/test/data/Just_Images/Asian/Man/m.076zfcq_0004.jpg
../images/test/data/Just_Images/Asian/Man/m.050hcd_0004.jpg,../images/test/data/Just_Images/Asian/Man/m.050hcd_0005.jpg
../images/test/data/Just_Images/Asian/Man/m.0cs867_0005.jpg,../images/test/data/Just_Images/Asian/Man/m.0cs867_0004.jpg
../images/test/data/Just_Images/Asian/Man/m.06fmzy_0003.jpg,../images/test/data/Just_Images/Asian/Man/m.0k2_8t7_0004.jpg
../images/test/data/Just_Images/Asian/Man/m.05drrn_0002.jpg,../images/test/data/Just_Images/Asian/Man/m.0db51x_0004.jpg
../images/test/data/Just_Images/Asian/Man/m.08q_ll_0002.jpg,../images/test/data/Just_Images/Asian/Man/m.08q_ll_0004.jpg
../images/test/data/Just_Images/Asian/Man/m.04d_fbz_0001.jpg,../images/test/data/Just_Images/Asian/Man/m.04d_fbz_0003.jpg
../images/test/data/Just_Images/Asian/Man/m.03cf6tb_0003.jpg,../images/test/data/Just_Images/Asian/Man/m.03cf6tb_0002.jpg
../images/test/data/Just_Images/Asian/Man/m.01w5j5t_0002.jpg,../images/test/data/Just_Images/Asian/Man/m.01w5j5t_0001.jpg
../images/test/data/Just_Images/Asian/Man/m.06z45n_0003.jpg,../images/test/data/Just_Images/Asian/Man/m.06z45n_0001.jpg
../images/test/data/Just_Images/Asian/Man/m.08byp__0001.jpg,../images/test/data/Just_Images/Asian/Man/m.08byp__0005.jpg
../images/test/data/Just_Images/Asian/Man/m.026564y_0002.jpg,../images/test/data/Just_Images/Asian/Man/m.026564y_0003.jpg
../images/test/data/Just_Images/Asian/Man/m.05zk65x_0001.jpg,../images/test/data/Just_Images/Asian/Man/m.05zk65x_0002.jpg
../images/test/data/Just_Images/Asian/Man/m.088ysz_0004.jpg,../images/test/data/Just_Images/Asian/Man/m.088ysz_0001.jpg
../images/test/data/Just_Images/Asian/Man/m.02hmq0_0001.jpg,../images/test/data/Just_Images/Asian/Man/m.02hmq0_0002.jpg
../images/test/data/Just_Images/Asian/Man/m.03rlgn_0001.jpg,../images/test/data/Just_Images/Asian/Man/m.0k3n8t5_0002.jpg
../images/test/data/Just_Images/Asian/Man/m.07s6qfm_0001.jpg,../images/test/data/Just_Images/Asian/Woman/m.0j44yrs_0003.jpg
../images/test/data/Just_Images/Asian/Man/m.02z1psj_0003.jpg,../images/test/data/Just_Images/Asian/Man/m.03qsnl_0004.jpg
../images/test/data/Just_Images/Asian/Man/m.03y56b_0002.jpg,../images/test/data/Just_Images/Asian/Man/m.0bf32y_0003.jpg
../images/test/data/Just_Images/Asian/Man/m.0gbxjc5_0003.jpg,../images/test/data/Just_Images/Asian/Man/m.0qt2z7d_0002.jpg
../images/test/data/Just_Images/Asian/Man/m.0bzk5r_0002.jpg,../images/test/data/Just_Images/Asian/Man/m.0bzk5r_0003.jpg
../images/test/data/Just_Images/Asian/Man/m.0dll8p1_0001.jpg,../images/test/data/Just_Images/Asian/Man/m.0dll8p1_0004.jpg
../images/test/data/Just_Images/Asian/Man/m.0576kw_0001.jpg,../images/test/data/Just_Images/Asian/Man/m.0576kw_0002.jpg
../images/test/data/Just_Images/Asian/Man/m.05rtbg_0003.jpg,../images/test/data/Just_Images/Asian/Man/m.05rtbg_0004.jpg
../images/test/data/Just_Images/Asian/Man/m.09zkkg_0003.jpg,../images/test/data/Just_Images/Asian/Man/m.09zkkg_0001.jpg
../images/test/data/Just_Images/Asian/Man/m.055ff6_0003.jpg,../images/test/data/Just_Images/Asian/Man/m.055ff6_0002.jpg
../images/test/data/Just_Images/Asian/Man/m.03hm9_0_0001.jpg,../images/test/data/Just_Images/Asian/Man/m.03hm9_0_0003.jpg
../images/test/data/Just_Images/Asian/Man/m.05zwfg4_0001.jpg,../images/test/data/Just_Images/Asian/Man/m.0sgqm_j_0004.jpg
../images/test/data/Just_Images/Asian/Man/m.0wg0ms2_0002.jpg,../images/test/data/Just_Images/Asian/Man/m.0gkyhqd_0001.jpg
../images/test/data/Just_Images/Asian/Man/m.04fl7_0004.jpg,../images/test/data/Just_Images/Asian/Man/m.075d47_0001.jpg
../images/test/data/Just_Images/Asian/Man/m.04jfhtv_0001.jpg,../images/test/data/Just_Images/Asian/Woman/m.05h58d0_0003.jpg
../images/test/data/Just_Images/Asian/Man/m.09j_zq_0003.jpg,../images/test/data/Just_Images/Asian/Man/m.01qmwbb_0002.jpg
../images/test/data/Just_Images/Asian/Man/m.077728_0003.jpg,../images/test/data/Just_Images/Asian/Man/m.077728_0005.jpg
../images/test/data/Just_Images/Asian/Man/m.0717p4_0004.jpg,../images/test/data/Just_Images/Asian/Man/m.0717p4_0001.jpg
../images/test/data/Just_Images/Asian/Man/m.0dqy7x_0004.jpg,../images/test/data/Just_Images/Asian/Man/m.0dqy7x_0005.jpg
../images/test/data/Just_Images/Asian/Man/m.02phc91_0001.jpg,../images/test/data/Just_Images/Asian/Man/m.02phc91_0003.jpg
../images/test/data/Just_Images/Asian/Man/m.0r9kbx4_0004.jpg,../images/test/data/Just_Images/Asian/Man/m.0r9kbx4_0001.jpg
../images/test/data/Just_Images/Asian/Man/m.0k5qvj_0005.jpg,../images/test/data/Just_Images/Asian/Man/m.0k5qvj_0002.jpg
../images/test/data/Just_Images/Asian/Man/m.0h32qq_0003.jpg,../images/test/data/Just_Images/Asian/Man/m.0h32qq_0002.jpg
../images/test/data/Just_Images/Asian/Man/m.03wbqjn_0001.jpg,../images/test/data/Just_Images/Asian/Man/m.03wbqjn_0003.jpg
../images/test/data/Just_Images/Asian/Man/m.025y4fm_0003.jpg,../images/test/data/Just_Images/Asian/Man/m.025y4fm_0001.jpg
../images/test/data/Just_Images/Asian/Man/m.08byp__0003.jpg,../images/test/data/Just_Images/Asian/Man/m.08byp__0006.jpg
../images/test/data/Just_Images/Asian/Man/m.04d82f_0005.jpg,../images/test/data/Just_Images/Asian/Man/m.04d82f_0002.jpg
../images/test/data/Just_Images/Asian/Man/m.02nkmb_0001.jpg,../images/test/data/Just_Images/Asian/Man/m.01qnfc_0001.jpg
../images/test/data/Just_Images/Asian/Man/m.0274_98_0003.jpg,../images/test/data/Just_Images/Asian/Man/m.02czzs_0004.jpg
../images/test/data/Just_Images/Asian/Man/m.0bfwxz_0001.jpg,../images/test/data/Just_Images/Asian/Man/m.074kn0_0002.jpg
../images/test/data/Just_Images/Asian/Man/m.04yn06_0005.jpg,../images/test/data/Just_Images/Asian/Man/m.0bv889y_0003.jpg
../images/test/data/Just_Images/Asian/Man/m.023z6r_0002.jpg,../images/test/data/Just_Images/Asian/Man/m.06hx3t_0001.jpg
../images/test/data/Just_Images/Asian/Man/m.04dt9z_0002.jpg,../images/test/data/Just_Images/Asian/Man/m.04dt9z_0004.jpg
../images/test/data/Just_Images/Asian/Man/m.04wwtz_0002.jpg,../images/test/data/Just_Images/Asian/Man/m.04wwtz_0001.jpg
../images/test/data/Just_Images/Asian/Man/m.02z0r7w_0001.jpg,../images/test/data/Just_Images/Asian/Man/m.02z0r7w_0002.jpg
../images/test/data/Just_Images/Asian/Man/m.067hys_0003.jpg,../images/test/data/Just_Images/Asian/Man/m.067hys_0001.jpg
../images/test/data/Just_Images/Asian/Man/m.04mndzj_0001.jpg,../images/test/data/Just_Images/Asian/Man/m.04mndzj_0002.jpg
../images/test/data/Just_Images/Asian/Man/m.0d2j8v_0002.jpg,../images/test/data/Just_Images/Asian/Man/m.0d2j8v_0004.jpg
../images/test/data/Just_Images/Asian/Man/m.01dtdk_0005.jpg,../images/test/data/Just_Images/Asian/Man/m.01dtdk_0001.jpg
../images/test/data/Just_Images/Asian/Man/m.0hr4g0__0003.jpg,../images/test/data/Just_Images/Asian/Man/m.0hr4g0__0001.jpg
../images/test/data/Just_Images/Asian/Man/m.02qcs8_0002.jpg,../images/test/data/Just_Images/Asian/Man/m.02qcs8_0003.jpg
../images/test/data/Just_Images/Asian/Man/m.0dq5mjt_0002.jpg,../images/test/data/Just_Images/Asian/Man/m.0b29gn_0001.jpg
../images/test/data/Just_Images/Asian/Man/m.02rx450_0001.jpg,../images/test/data/Just_Images/Asian/Man/m.0fpgmlv_0001.jpg
../images/test/data/Just_Images/Asian/Man/m.0b6kywk_0004.jpg,../images/test/data/Just_Images/Asian/Man/m.0b6kywk_0003.jpg
../images/test/data/Just_Images/Asian/Man/m.0270s9d_0001.jpg,../images/test/data/Just_Images/Asian/Man/m.0270s9d_0003.jpg
../images/test/data/Just_Images/Asian/Man/m.01p1lf_0003.jpg,../images/test/data/Just_Images/Asian/Man/m.01p1lf_0001.jpg
../images/test/data/Just_Images/Asian/Man/m.06s0r6_0003.jpg,../images/test/data/Just_Images/Asian/Man/m.06s0r6_0001.jpg
../images/test/data/Just_Images/Asian/Man/m.01ptxx_0001.jpg,../images/test/data/Just_Images/Asian/Man/m.01ptxx_0003.jpg
../images/test/data/Just_Images/Asian/Man/m.02z1wg2_0001.jpg,../images/test/data/Just_Images/Asian/Man/m.02z1wg2_0002.jpg
../images/test/data/Just_Images/Asian/Man/m.09xmkg_0002.jpg,../images/test/data/Just_Images/Asian/Man/m.09xmkg_0005.jpg
../images/test/data/Just_Images/Asian/Man/m.03m83py_0006.jpg,../images/test/data/Just_Images/Asian/Man/m.03m83py_0005.jpg
../images/test/data/Just_Images/Asian/Man/m.05p17s3_0003.jpg,../images/test/data/Just_Images/Asian/Man/m.05p17s3_0002.jpg
../images/test/data/Just_Images/Asian/Man/m.0268ng7_0002.jpg,../images/test/data/Just_Images/Asian/Man/m.0268ng7_0003.jpg
../images/test/data/Just_Images/Asian/Man/m.01x__0_0002.jpg,../images/test/data/Just_Images/Asian/Man/m.03ym3g_0002.jpg
../images/test/data/Just_Images/Asian/Man/m.03gr7l1_0003.jpg,../images/test/data/Just_Images/Asian/Man/m.08dktt_0001.jpg
../images/test/data/Just_Images/Asian/Man/m.04hych_0003.jpg,../images/test/data/Just_Images/Asian/Woman/m.01ksqk_0002.jpg
../images/test/data/Just_Images/Asian/Man/m.01rzvh2_0003.jpg,../images/test/data/Just_Images/Asian/Man/m.05bp8g_0003.jpg
../images/test/data/Just_Images/Asian/Man/m.02gtmx_0001.jpg,../images/test/data/Just_Images/Asian/Man/m.079yq5_0002.jpg
../images/test/data/Just_Images/Asian/Man/m.0n_8fv2_0003.jpg,../images/test/data/Just_Images/Asian/Man/m.05c87l_0003.jpg
../images/test/data/Just_Images/Asian/Man/m.01qs7nw_0002.jpg,../images/test/data/Just_Images/Asian/Man/m.01qs7nw_0003.jpg
../images/test/data/Just_Images/Asian/Man/m.03qjhy_0002.jpg,../images/test/data/Just_Images/Asian/Man/m.03qjhy_0001.jpg
../images/test/data/Just_Images/Asian/Man/m.06j_6b_0001.jpg,../images/test/data/Just_Images/Asian/Man/m.06j_6b_0002.jpg
../images/test/data/Just_Images/Asian/Man/m.0dll8p1_0003.jpg,../images/test/data/Just_Images/Asian/Man/m.0dll8p1_0001.jpg
../images/test/data/Just_Images/Asian/Man/m.02vlzdc_0005.jpg,../images/test/data/Just_Images/Asian/Man/m.02vlzdc_0004.jpg
../images/test/data/Just_Images/Asian/Man/m.0lq5svr_0004.jpg,../images/test/data/Just_Images/Asian/Man/m.0lq5svr_0001.jpg
../images/test/data/Just_Images/Asian/Man/m.02gtmx_0005.jpg,../images/test/data/Just_Images/Asian/Man/m.02gtmx_0003.jpg
../images/test/data/Just_Images/Asian/Man/m.0sgqm_j_0003.jpg,../images/test/data/Just_Images/Asian/Man/m.0sgqm_j_0004.jpg
../images/test/data/Just_Images/Asian/Man/m.017hjz_0003.jpg,../images/test/data/Just_Images/Asian/Man/m.017hjz_0001.jpg
../images/test/data/Just_Images/Asian/Man/m.017hw4_0001.jpg,../images/test/data/Just_Images/Asian/Man/m.017hw4_0002.jpg
../images/test/data/Just_Images/Asian/Man/m.0h3s0gj_0003.jpg,../images/test/data/Just_Images/Asian/Man/m.0sgqn3w_0002.jpg
../images/test/data/Just_Images/Asian/Man/m.02rdtx0_0004.jpg,../images/test/data/Just_Images/Asian/Man/m.0gpqhm_0001.jpg
../images/test/data/Just_Images/Asian/Man/m.04szxh_0003.jpg,../images/test/data/Just_Images/Asian/Man/m.043nnf9_0001.jpg
../images/test/data/Just_Images/Asian/Man/m.05mqp85_0002.jpg,../images/test/data/Just_Images/Asian/Man/m.03qsn5_0001.jpg
../images/test/data/Just_Images/Asian/Man/m.079px7_0005.jpg,../images/test/data/Just_Images/Asian/Man/m.09g69fp_0004.jpg
