../images/test/data/Just_Images/Asian/Woman/m.0g53y0h_0002.jpg,../images/test/data/Just_Images/Asian/Woman/m.0g53y0h_0003.jpg
../images/test/data/Just_Images/Asian/Woman/m.0b76117_0001.jpg,../images/test/data/Just_Images/Asian/Woman/m.0b76117_0002.jpg
../images/test/data/Just_Images/Asian/Woman/m.09tgw3_0002.jpg,../images/test/data/Just_Images/Asian/Woman/m.09tgw3_0001.jpg
../images/test/data/Just_Images/Asian/Woman/m.031tg0_0003.jpg,../images/test/data/Just_Images/Asian/Woman/m.031tg0_0004.jpg
../images/test/data/Just_Images/Asian/Woman/m.04mhh8_0001.jpg,../images/test/data/Just_Images/Asian/Woman/m.04mhh8_0004.jpg
../images/test/data/Just_Images/Asian/Woman/m.06yrwt_0005.jpg,../images/test/data/Just_Images/Asian/Woman/m.06yrwt_0006.jpg
../images/test/data/Just_Images/Asian/Woman/m.09mjpz_0001.jpg,../images/test/data/Just_Images/Asian/Woman/m.09mjpz_0003.jpg
../images/test/data/Just_Images/Asian/Woman/m.01r_pld_0002.jpg,../images/test/data/Just_Images/Asian/Woman/m.01r_pld_0003.jpg
../images/test/data/Just_Images/Asian/Woman/m.0h55cwj_0002.jpg,../images/test/data/Just_Images/Asian/Woman/m.0h55cwj_0006.jpg
../images/test/data/Just_Images/Asian/Woman/m.07jrtd_0003.jpg,../images/test/data/Just_Images/Asian/Woman/m.07jrtd_0004.jpg
../images/test/data/Just_Images/Asian/Woman/m.0bhh5n_0003.jpg,../images/test/data/Just_Images/Asian/Woman/m.0bhh5n_0004.jpg
../images/test/data/Just_Images/Asian/Woman/m.08l2_k_0004.jpg,../images/test/data/Just_Images/Asian/Woman/m.08l2_k_0002.jpg
../images/test/data/Just_Images/Asian/Woman/m.0ryvxtg_0003.jpg,../images/test/data/Just_Images/Asian/Woman/m.0ryvxtg_0005.jpg
../images/test/data/Just_Images/Asian/Woman/m.01snrw7_0005.jpg,../images/test/data/Just_Images/Asian/Woman/m.01snrw7_0004.jpg
../images/test/data/Just_Images/Asian/Woman/m.04w79y_0003.jpg,../images/test/data/Just_Images/Asian/Woman/m.06_670_0002.jpg
../images/test/data/Just_Images/Asian/Woman/m.0dzh7l_0004.jpg,../images/test/data/Just_Images/Asian/Woman/m.0nhhrrz_0005.jpg
../images/test/data/Just_Images/Asian/Woman/m.0gbzyl_0003.jpg,../images/test/data/Just_Images/Asian/Woman/m.0gbzyl_0001.jpg
../images/test/data/Just_Images/Asian/Woman/m.01qp71l_0002.jpg,../images/test/data/Just_Images/Asian/Woman/m.01qp71l_0001.jpg
../images/test/data/Just_Images/Asian/Woman/m.026vryb_0002.jpg,../images/test/data/Just_Images/Asian/Woman/m.026vryb_0001.jpg
../images/test/data/Just_Images/Asian/Woman/m.03gllk_0001.jpg,../images/test/data/Just_Images/Asian/Woman/m.03gllk_0003.jpg
../images/test/data/Just_Images/Asian/Woman/m.0ggy4v_0001.jpg,../images/test/data/Just_Images/Asian/Man/m.05zzlzs_0003.jpg
../images/test/data/Just_Images/Asian/Woman/m.03ydn8_0001.jpg,../images/test/data/Just_Images/Asian/Woman/m.03ydn8_0002.jpg
../images/test/data/Just_Images/Asian/Woman/m.04w79y_0001.jpg,../images/test/data/Just_Images/Asian/Woman/m.04w79y_0004.jpg
../images/test/data/Just_Images/Asian/Woman/m.0288zrm_0001.jpg,../images/test/data/Just_Images/Asian/Woman/m.0288zrm_0005.jpg
../images/test/data/Just_Images/Asian/Woman/m.097rfn_0001.jpg,../images/test/data/Just_Images/Asian/Woman/m.097rfn_0002.jpg
../images/test/data/Just_Images/Asian/Woman/m.051gxv_0001.jpg,../images/test/data/Just_Images/Asian/Woman/m.051gxv_0002.jpg
../images/test/data/Just_Images/Asian/Woman/m.0bknvg_0003.jpg,../images/test/data/Just_Images/Asian/Woman/m.0bknvg_0001.jpg
../images/test/data/Just_Images/Asian/Woman/m.01sgmc8_0001.jpg,../images/test/data/Just_Images/Asian/Woman/m.01sgmc8_0005.jpg
../images/test/data/Just_Images/Asian/Woman/m.01qc0_w_0004.jpg,../images/test/data/Just_Images/Asian/Woman/m.01qc0_w_0002.jpg
../images/test/data/Just_Images/Asian/Woman/m.058g84_0002.jpg,../images/test/data/Just_Images/Asian/Woman/m.058g84_0001.jpg
../images/test/data/Just_Images/Asian/Woman/m.09v41d5_0001.jpg,../images/test/data/Just_Images/Asian/Woman/m.09v41d5_0002.jpg
../images/test/data/Just_Images/Asian/Woman/m.043pr74_0001.jpg,../images/test/data/Just_Images/Asian/Woman/m.043pr74_0004.jpg
../images/test/data/Just_Images/Asian/Woman/m.0h3f284_0002.jpg,../images/test/data/Just_Images/Asian/Woman/m.0h3f284_0004.jpg
../images/test/data/Just_Images/Asian/Woman/m.01l4tnh_0005.jpg,../images/test/data/Just_Images/Asian/Woman/m.01l4tnh_0003.jpg
../images/test/data/Just_Images/Asian/Woman/m.0nf_fy__0001.jpg,../images/test/data/Just_Images/Asian/Woman/m.0nf_fy__0004.jpg
../images/test/data/Just_Images/Asian/Woman/m.0dgcpjl_0006.jpg,../images/test/data/Just_Images/Asian/Woman/m.0dgcpjl_0005.jpg
../images/test/data/Just_Images/Asian/Woman/m.03_ny1_0003.jpg,../images/test/data/Just_Images/Asian/Woman/m.03_ny1_0002.jpg
../images/test/data/Just_Images/Asian/Woman/m.0281bfh_0001.jpg,../images/test/data/Just_Images/Asian/Woman/m.0281bfh_0002.jpg
../images/test/data/Just_Images/Asian/Woman/m.03j3dpb_0001.jpg,../images/test/data/Just_Images/Asian/Woman/m.03j3dpb_0004.jpg
../images/test/data/Just_Images/Asian/Woman/m.026vf63_0003.jpg,../images/test/data/Just_Images/Asian/Woman/m.026vf63_0001.jpg
../images/test/data/Just_Images/Asian/Woman/m.03_ny1_0002.jpg,../images/test/data/Just_Images/Asian/Woman/m.03_ny1_0004.jpg
../images/test/data/Just_Images/Asian/Woman/m.03dkz7_0006.jpg,../images/test/data/Just_Images/Asian/Woman/m.03dkz7_0002.jpg
../images/test/data/Just_Images/Asian/Woman/m.0gtqcd5_0002.jpg,../images/test/data/Just_Images/Asian/Woman/m.0gtqcd5_0004.jpg
../images/test/data/Just_Images/Asian/Woman/m.01r2_dh_0001.jpg,../images/test/data/Just_Images/Asian/Woman/m.01r2_dh_0002.jpg
../images/test/data/Just_Images/Asian/Woman/m.027pkj4_0003.jpg,../images/test/data/Just_Images/Asian/Woman/m.027pkj4_0004.jpg
../images/test/data/Just_Images/Asian/Woman/m.052v_1_0003.jpg,../images/test/data/Just_Images/Asian/Woman/m.09l7h4_0004.jpg
../images/test/data/Just_Images/Asian/Woman/m.0h55cwj_0006.jpg,../images/test/data/Just_Images/Asian/Woman/m.0h55cwj_0005.jpg
../images/test/data/Just_Images/Asian/Woman/m.01vrhlp_0001.jpg,../images/test/data/Just_Images/Asian/Woman/m.01vrhlp_0002.jpg
../images/test/data/Just_Images/Asian/Woman/m.05lrx4_0001.jpg,../images/test/data/Just_Images/Asian/Woman/m.05lrx4_0002.jpg
../images/test/data/Just_Images/Asian/Woman/m.04_01zg_0002.jpg,../images/test/data/Just_Images/Asian/Woman/m.04_01zg_0005.jpg
../images/test/data/Just_Images/Asian/Woman/m.0282t33_0001.jpg,../images/test/data/Just_Images/Asian/Woman/m.0282t33_0003.jpg
../images/test/data/Just_Images/Asian/Woman/m.0kpdryy_0002.jpg,../images/test/data/Just_Images/Asian/Woman/m.0kpdryy_0004.jpg
../images/test/data/Just_Images/Asian/Woman/m.04_01zg_0004.jpg,../images/test/data/Just_Images/Asian/Woman/m.04_01zg_0003.jpg
../images/test/data/Just_Images/Asian/Woman/m.01vcfc_0001.jpg,../images/test/data/Just_Images/Asian/Woman/m.01vcfc_0002.jpg
../images/test/data/Just_Images/Asian/Woman/m.04qy2l_0002.jpg,../images/test/data/Just_Images/Asian/Woman/m.06qfdm_0001.jpg
../images/test/data/Just_Images/Asian/Woman/m.0bcx0y_0001.jpg,../images/test/data/Just_Images/Asian/Woman/m.04lf5_7_0004.jpg
../images/test/data/Just_Images/Asian/Woman/m.0fpy08_0003.jpg,../images/test/data/Just_Images/Asian/Woman/m.0fpy08_0001.jpg
../images/test/data/Just_Images/Asian/Woman/m.0clqz6x_0002.jpg,../images/test/data/Just_Images/Asian/Woman/m.0clqz6x_0001.jpg
../images/test/data/Just_Images/Asian/Woman/m.02gh7y_0002.jpg,../images/test/data/Just_Images/Asian/Woman/m.02gh7y_0003.jpg
../images/test/data/Just_Images/Asian/Woman/m.01svt5w_0003.jpg,../images/test/data/Just_Images/Asian/Woman/m.01svt5w_0005.jpg
../images/test/data/Just_Images/Asian/Woman/m.02z1bls_0002.jpg,../images/test/data/Just_Images/Asian/Woman/m.02z1bls_0004.jpg
../images/test/data/Just_Images/Asian/Woman/m.0ndslp2_0003.jpg,../images/test/data/Just_Images/Asian/Woman/m.0ndslp2_0004.jpg
../images/test/data/Just_Images/Asian/Woman/m.02qp_kc_0004.jpg,../images/test/data/Just_Images/Asian/Woman/m.01r8l0k_0004.jpg
../images/test/data/Just_Images/Asian/Woman/m.0277x5t_0003.jpg,../images/test/data/Just_Images/Asian/Man/m.03f0wz3_0001.jpg
../images/test/data/Just_Images/Asian/Woman/m.041s0m_0003.jpg,../images/test/data/Just_Images/Asian/Woman/m.041s0m_0002.jpg
../images/test/data/Just_Images/Asian/Woman/m.052ppn_0005.jpg,../images/test/data/Just_Images/Asian/Woman/m.052ppn_0003.jpg
../images/test/data/Just_Images/Asian/Woman/m.03d5c56_0001.jpg,../images/test/data/Just_Images/Asian/Woman/m.03d5c56_0003.jpg
../images/test/data/Just_Images/Asian/Woman/m.06w18lb_0001.jpg,../images/test/data/Just_Images/Asian/Woman/m.06w18lb_0003.jpg
../images/test/data/Just_Images/Asian/Woman/m.0dgqy0m_0002.jpg,../images/test/data/Just_Images/Asian/Man/m.03d4yx9_0004.jpg
../images/test/data/Just_Images/Asian/Woman/m.03f440y_0003.jpg,../images/test/data/Just_Images/Asian/Woman/m.03bkrc_0002.jpg
