../images/test/data/Just_Images/Caucasian/Man/m.049fxsr_0003.jpg,../images/test/data/Just_Images/Caucasian/Man/m.049fxsr_0001.jpg
../images/test/data/Just_Images/Caucasian/Man/m.01rf_w_0001.jpg,../images/test/data/Just_Images/Caucasian/Man/m.01rf_w_0003.jpg
../images/test/data/Just_Images/Caucasian/Man/m.0c2213_0002.jpg,../images/test/data/Just_Images/Caucasian/Man/m.0c2213_0003.jpg
../images/test/data/Just_Images/Caucasian/Man/m.02vpmlq_0006.jpg,../images/test/data/Just_Images/Caucasian/Man/m.02vpmlq_0003.jpg
../images/test/data/Just_Images/Caucasian/Man/m.0m2l9_0003.jpg,../images/test/data/Just_Images/Caucasian/Man/m.0m2l9_0002.jpg
../images/test/data/Just_Images/Caucasian/Man/m.0413d4v_0001.jpg,../images/test/data/Just_Images/Caucasian/Man/m.0413d4v_0003.jpg
../images/test/data/Just_Images/Caucasian/Man/m.09s2q1_0002.jpg,../images/test/data/Just_Images/Caucasian/Man/m.09s2q1_0004.jpg
../images/test/data/Just_Images/Caucasian/Man/m.03yx01_0001.jpg,../images/test/data/Just_Images/Caucasian/Man/m.03yx01_0003.jpg
../images/test/data/Just_Images/Caucasian/Man/m.035wq7_0001.jpg,../images/test/data/Just_Images/Caucasian/Man/m.035wq7_0003.jpg
../images/test/data/Just_Images/Caucasian/Man/m.05p5gr_0003.jpg,../images/test/data/Just_Images/Caucasian/Man/m.05p5gr_0001.jpg
../images/test/data/Just_Images/Caucasian/Man/m.048s14_0002.jpg,../images/test/data/Just_Images/Caucasian/Man/m.048s14_0001.jpg
../images/test/data/Just_Images/Caucasian/Man/m.01r3r43_0006.jpg,../images/test/data/Just_Images/Caucasian/Man/m.01r3r43_0002.jpg
../images/test/data/Just_Images/Caucasian/Man/m.03f65ws_0002.jpg,../images/test/data/Just_Images/Caucasian/Man/m.03f65ws_0003.jpg
../images/test/data/Just_Images/Caucasian/Man/m.02mkvd_0003.jpg,../images/test/data/Just_Images/Caucasian/Man/m.02mkvd_0001.jpg
../images/test/data/Just_Images/Caucasian/Man/m.0ll2_ny_0004.jpg,../images/test/data/Just_Images/Caucasian/Man/m.0ll2_ny_0005.jpg
../images/test/data/Just_Images/Caucasian/Man/m.07_k3f_0003.jpg,../images/test/data/Just_Images/Caucasian/Man/m.07_k3f_0002.jpg
../images/test/data/Just_Images/Caucasian/Man/m.09k3x__0003.jpg,../images/test/data/Just_Images/Caucasian/Man/m.09k3x__0002.jpg
../images/test/data/Just_Images/Caucasian/Man/m.080c88_0002.jpg,../images/test/data/Just_Images/Caucasian/Man/m.080c88_0001.jpg
../images/test/data/Just_Images/Caucasian/Man/m.03sr8y_0002.jpg,../images/test/data/Just_Images/Caucasian/Man/m.03sr8y_0004.jpg
../images/test/data/Just_Images/Caucasian/Man/m.03wf4cc_0001.jpg,../images/test/data/Just_Images/Caucasian/Man/m.03wf4cc_0002.jpg
../images/test/data/Just_Images/Caucasian/Man/m.03t2j9_0002.jpg,../images/test/data/Just_Images/Caucasian/Man/m.03t2j9_0004.jpg
../images/test/data/Just_Images/Caucasian/Man/m.02qpy0_0003.jpg,../images/test/data/Just_Images/Caucasian/Man/m.02qpy0_0002.jpg
../images/test/data/Just_Images/Caucasian/Man/m.0d3dsv_0003.jpg,../images/test/data/Just_Images/Caucasian/Man/m.0d3dsv_0001.jpg
../images/test/data/Just_Images/Caucasian/Man/m.09cdzd_0002.jpg,../images/test/data/Just_Images/Caucasian/Man/m.09cdzd_0001.jpg
../images/test/data/Just_Images/Caucasian/Man/m.055ngt_0001.jpg,../images/test/data/Just_Images/Caucasian/Man/m.055ngt_0003.jpg
../images/test/data/Just_Images/Caucasian/Man/m.02r79x1_0001.jpg,../images/test/data/Just_Images/Caucasian/Man/m.02r79x1_0004.jpg
../images/test/data/Just_Images/Caucasian/Man/m.036_rc_0002.jpg,../images/test/data/Just_Images/Caucasian/Man/m.036_rc_0001.jpg
../images/test/data/Just_Images/Caucasian/Man/m.06_wwsd_0003.jpg,../images/test/data/Just_Images/Caucasian/Man/m.06_wwsd_0001.jpg
../images/test/data/Just_Images/Caucasian/Man/m.0732mp_0002.jpg,../images/test/data/Just_Images/Caucasian/Man/m.0732mp_0003.jpg
../images/test/data/Just_Images/Caucasian/Man/m.06zpl8x_0002.jpg,../images/test/data/Just_Images/Caucasian/Man/m.06zpl8x_0004.jpg
../images/test/data/Just_Images/Caucasian/Man/m.03thw4_0002.jpg,../images/test/data/Just_Images/Caucasian/Man/m.03thw4_0001.jpg
../images/test/data/Just_Images/Caucasian/Man/m.06dm8s_0001.jpg,../images/test/data/Just_Images/Caucasian/Man/m.06dm8s_0002.jpg
../images/test/data/Just_Images/Caucasian/Man/m.01r7yg_0002.jpg,../images/test/data/Just_Images/Caucasian/Man/m.046x73_0002.jpg
../images/test/data/Just_Images/Caucasian/Man/m.06_yvq_0003.jpg,../images/test/data/Just_Images/Caucasian/Man/m.06_yvq_0001.jpg
../images/test/data/Just_Images/Caucasian/Man/m.07kd18r_0001.jpg,../images/test/data/Just_Images/Caucasian/Man/m.07kd18r_0002.jpg
../images/test/data/Just_Images/Caucasian/Man/m.047cc9b_0003.jpg,../images/test/data/Just_Images/Caucasian/Man/m.047cc9b_0002.jpg
../images/test/data/Just_Images/Caucasian/Man/m.04rcgd_0002.jpg,../images/test/data/Just_Images/Caucasian/Man/m.04rcgd_0001.jpg
../images/test/data/Just_Images/Caucasian/Man/m.01c8x_0003.jpg,../images/test/data/Just_Images/Caucasian/Man/m.01c8x_0001.jpg
../images/test/data/Just_Images/Caucasian/Man/m.0grjs__0003.jpg,../images/test/data/Just_Images/Caucasian/Man/m.0grjs__0002.jpg
../images/test/data/Just_Images/Caucasian/Man/m.02651pm_0003.jpg,../images/test/data/Just_Images/Caucasian/Man/m.02651pm_0001.jpg
../images/test/data/Just_Images/Caucasian/Man/m.027gf69_0002.jpg,../images/test/data/Just_Images/Caucasian/Man/m.027gf69_0003.jpg
../images/test/data/Just_Images/Caucasian/Man/m.0lngf_0003.jpg,../images/test/data/Just_Images/Caucasian/Man/m.0lngf_0004.jpg
../images/test/data/Just_Images/Caucasian/Man/m.0ktddf_0001.jpg,../images/test/data/Just_Images/Caucasian/Man/m.0ktddf_0003.jpg
../images/test/data/Just_Images/Caucasian/Man/m.0h422m_0002.jpg,../images/test/data/Just_Images/Caucasian/Man/m.0h422m_0001.jpg
../images/test/data/Just_Images/Caucasian/Man/m.0cq3_r_0002.jpg,../images/test/data/Just_Images/Caucasian/Man/m.0cq3_r_0001.jpg
../images/test/data/Just_Images/Caucasian/Man/m.030n50_0001.jpg,../images/test/data/Just_Images/Caucasian/Man/m.030n50_0002.jpg
../images/test/data/Just_Images/Caucasian/Man/m.041xfx_0001.jpg,../images/test/data/Just_Images/Caucasian/Man/m.041xfx_0005.jpg
../images/test/data/Just_Images/Caucasian/Man/m.08dgms_0005.jpg,../images/test/data/Just_Images/Caucasian/Man/m.08dgms_0001.jpg
../images/test/data/Just_Images/Caucasian/Man/m.0339tj_0005.jpg,../images/test/data/Just_Images/Caucasian/Man/m.0339tj_0001.jpg
../images/test/data/Just_Images/Caucasian/Man/m.07m4vq_0003.jpg,../images/test/data/Just_Images/Caucasian/Man/m.07m4vq_0002.jpg
../images/test/data/Just_Images/Caucasian/Man/m.04tkfj_0002.jpg,../images/test/data/Just_Images/Caucasian/Man/m.04tkfj_0003.jpg
../images/test/data/Just_Images/Caucasian/Man/m.020dg9_0004.jpg,../images/test/data/Just_Images/Caucasian/Man/m.020dg9_0002.jpg
../images/test/data/Just_Images/Caucasian/Man/m.0gmfwp8_0003.jpg,../images/test/data/Just_Images/Caucasian/Man/m.0gmfwp8_0004.jpg
../images/test/data/Just_Images/Caucasian/Man/m.01wm1z7_0001.jpg,../images/test/data/Just_Images/Caucasian/Man/m.01wm1z7_0002.jpg
../images/test/data/Just_Images/Caucasian/Man/m.0g57lmj_0002.jpg,../images/test/data/Just_Images/Caucasian/Man/m.0g57lmj_0001.jpg
../images/test/data/Just_Images/Caucasian/Man/m.02zv09_0001.jpg,../images/test/data/Just_Images/Caucasian/Man/m.02zv09_0002.jpg
../images/test/data/Just_Images/Caucasian/Man/m.0w_l_0003.jpg,../images/test/data/Just_Images/Caucasian/Man/m.0w_l_0002.jpg
../images/test/data/Just_Images/Caucasian/Man/m.03c9vhy_0001.jpg,../images/test/data/Just_Images/Caucasian/Man/m.03c9vhy_0002.jpg
../images/test/data/Just_Images/Caucasian/Man/m.01vrr8y_0003.jpg,../images/test/data/Just_Images/Caucasian/Man/m.01vrr8y_0002.jpg
../images/test/data/Just_Images/Caucasian/Man/m.03lqmd_0002.jpg,../images/test/data/Just_Images/Caucasian/Man/m.03lqmd_0003.jpg
../images/test/data/Just_Images/Caucasian/Man/m.03qcd6h_0003.jpg,../images/test/data/Just_Images/Caucasian/Man/m.03qcd6h_0005.jpg
../images/test/data/Just_Images/Caucasian/Man/m.08zw8n_0001.jpg,../images/test/data/Just_Images/Caucasian/Man/m.08zw8n_0003.jpg
../images/test/data/Just_Images/Caucasian/Man/m.026njl2_0001.jpg,../images/test/data/Just_Images/Caucasian/Man/m.026njl2_0003.jpg
../images/test/data/Just_Images/Caucasian/Man/m.01n18b_0002.jpg,../images/test/data/Just_Images/Caucasian/Man/m.01n18b_0004.jpg
../images/test/data/Just_Images/Caucasian/Man/m.04zxz43_0002.jpg,../images/test/data/Just_Images/Caucasian/Man/m.04zxz43_0001.jpg
../images/test/data/Just_Images/Caucasian/Man/m.0g2rwz_0003.jpg,../images/test/data/Just_Images/Caucasian/Man/m.0g2rwz_0001.jpg
../images/test/data/Just_Images/Caucasian/Man/m.0bg_mp_0003.jpg,../images/test/data/Just_Images/Caucasian/Man/m.0bg_mp_0001.jpg
../images/test/data/Just_Images/Caucasian/Man/m.0b47ns_0001.jpg,../images/test/data/Just_Images/Caucasian/Man/m.0b47ns_0002.jpg
../images/test/data/Just_Images/Caucasian/Man/m.04134b2_0003.jpg,../images/test/data/Just_Images/Caucasian/Man/m.04134b2_0001.jpg
../images/test/data/Just_Images/Caucasian/Man/m.065fg7_0001.jpg,../images/test/data/Just_Images/Caucasian/Man/m.065fg7_0005.jpg
../images/test/data/Just_Images/Caucasian/Man/m.08pys0_0003.jpg,../images/test/data/Just_Images/Caucasian/Man/m.08pys0_0002.jpg
../images/test/data/Just_Images/Caucasian/Man/m.01dh0y_0003.jpg,../images/test/data/Just_Images/Caucasian/Man/m.01dh0y_0001.jpg
../images/test/data/Just_Images/Caucasian/Man/m.01vt203_0003.jpg,../images/test/data/Just_Images/Caucasian/Man/m.01vt203_0001.jpg
../images/test/data/Just_Images/Caucasian/Man/m.0fjrcl_0002.jpg,../images/test/data/Just_Images/Caucasian/Man/m.0fjrcl_0001.jpg
../images/test/data/Just_Images/Caucasian/Man/m.08gl6t_0003.jpg,../images/test/data/Just_Images/Caucasian/Man/m.08gl6t_0001.jpg
../images/test/data/Just_Images/Caucasian/Man/m.01p21_5_0005.jpg,../images/test/data/Just_Images/Caucasian/Man/m.01p21_5_0006.jpg
../images/test/data/Just_Images/Caucasian/Man/m.05nqz8_0001.jpg,../images/test/data/Just_Images/Caucasian/Man/m.05nqz8_0002.jpg
../images/test/data/Just_Images/Caucasian/Man/m.026964z_0001.jpg,../images/test/data/Just_Images/Caucasian/Man/m.026964z_0002.jpg
../images/test/data/Just_Images/Caucasian/Man/m.02swh3_0002.jpg,../images/test/data/Just_Images/Caucasian/Man/m.02swh3_0003.jpg
../images/test/data/Just_Images/Caucasian/Man/m.0g2pgl_0002.jpg,../images/test/data/Just_Images/Caucasian/Man/m.0g2pgl_0001.jpg
../images/test/data/Just_Images/Caucasian/Man/m.0cn0l7_0001.jpg,../images/test/data/Just_Images/Caucasian/Man/m.0cn0l7_0003.jpg
../images/test/data/Just_Images/Caucasian/Man/m.08fvsd_0004.jpg,../images/test/data/Just_Images/Caucasian/Man/m.08fvsd_0003.jpg
../images/test/data/Just_Images/Caucasian/Man/m.072bxj_0003.jpg,../images/test/data/Just_Images/Caucasian/Man/m.072bxj_0002.jpg
../images/test/data/Just_Images/Caucasian/Man/m.026559r_0002.jpg,../images/test/data/Just_Images/Caucasian/Man/m.026559r_0003.jpg
../images/test/data/Just_Images/Caucasian/Man/m.02qg_hr_0001.jpg,../images/test/data/Just_Images/Caucasian/Man/m.02qg_hr_0004.jpg
../images/test/data/Just_Images/Caucasian/Man/m.06htkn_0002.jpg,../images/test/data/Just_Images/Caucasian/Man/m.06htkn_0004.jpg
../images/test/data/Just_Images/Caucasian/Man/m.0gt1xg_0002.jpg,../images/test/data/Just_Images/Caucasian/Man/m.0gt1xg_0001.jpg
../images/test/data/Just_Images/Caucasian/Man/m.04fhhp_0002.jpg,../images/test/data/Just_Images/Caucasian/Man/m.04fhhp_0001.jpg
../images/test/data/Just_Images/Caucasian/Man/m.07vdp6_0002.jpg,../images/test/data/Just_Images/Caucasian/Man/m.07vdp6_0003.jpg
../images/test/data/Just_Images/Caucasian/Man/m.07g_nf_0003.jpg,../images/test/data/Just_Images/Caucasian/Man/m.07g_nf_0001.jpg
../images/test/data/Just_Images/Caucasian/Man/m.09wmk__0001.jpg,../images/test/data/Just_Images/Caucasian/Man/m.09wmk__0002.jpg
../images/test/data/Just_Images/Caucasian/Man/m.08brxy_0001.jpg,../images/test/data/Just_Images/Caucasian/Man/m.08brxy_0003.jpg
../images/test/data/Just_Images/Caucasian/Man/m.094_1r_0003.jpg,../images/test/data/Just_Images/Caucasian/Man/m.094_1r_0002.jpg
../images/test/data/Just_Images/Caucasian/Man/m.05qhtq_0001.jpg,../images/test/data/Just_Images/Caucasian/Man/m.05qhtq_0002.jpg
../images/test/data/Just_Images/Caucasian/Man/m.058rsb_0005.jpg,../images/test/data/Just_Images/Caucasian/Man/m.058rsb_0003.jpg
