../images/test/data/Just_Images/Indian/Woman/m.047g4s0_0001.jpg,../images/test/data/Just_Images/Indian/Woman/m.047g4s0_0002.jpg
../images/test/data/Just_Images/Indian/Woman/m.02qd2vx_0003.jpg,../images/test/data/Just_Images/Indian/Woman/m.02qd2vx_0001.jpg
../images/test/data/Just_Images/Indian/Woman/m.0271zv7_0002.jpg,../images/test/data/Just_Images/Indian/Woman/m.0271zv7_0003.jpg
../images/test/data/Just_Images/Indian/Woman/m.0gc2zgn_0003.jpg,../images/test/data/Just_Images/Indian/Woman/m.0gc2zgn_0001.jpg
../images/test/data/Just_Images/Indian/Woman/m.0412544_0001.jpg,../images/test/data/Just_Images/Indian/Woman/m.0412544_0004.jpg
../images/test/data/Just_Images/Indian/Woman/m.0cvyx3_0002.jpg,../images/test/data/Just_Images/Indian/Woman/m.0cvyx3_0001.jpg
../images/test/data/Just_Images/Indian/Woman/m.0b5wx7_0003.jpg,../images/test/data/Just_Images/Indian/Woman/m.0b5wx7_0001.jpg
../images/test/data/Just_Images/Indian/Woman/m.02psh0n_0001.jpg,../images/test/data/Just_Images/Indian/Woman/m.02psh0n_0003.jpg
../images/test/data/Just_Images/Indian/Woman/m.090gs4_0003.jpg,../images/test/data/Just_Images/Indian/Woman/m.090gs4_0001.jpg
../images/test/data/Just_Images/Indian/Woman/m.0j49qzy_0002.jpg,../images/test/data/Just_Images/Indian/Woman/m.0j49qzy_0001.jpg
../images/test/data/Just_Images/Indian/Woman/m.0kt64b_0002.jpg,../images/test/data/Just_Images/Indian/Woman/m.0kt64b_0001.jpg
../images/test/data/Just_Images/Indian/Woman/m.0cz8zgp_0002.jpg,../images/test/data/Just_Images/Indian/Woman/m.01tjjl1_0001.jpg
../images/test/data/Just_Images/Indian/Woman/m.04f4wpb_0004.jpg,../images/test/data/Just_Images/Indian/Woman/m.04f4wpb_0001.jpg
../images/test/data/Just_Images/Indian/Woman/m.02w0b0f_0002.jpg,../images/test/data/Just_Images/Indian/Woman/m.02w0b0f_0005.jpg
../images/test/data/Just_Images/Indian/Woman/m.02q99nj_0004.jpg,../images/test/data/Just_Images/Indian/Woman/m.02q99nj_0002.jpg
../images/test/data/Just_Images/Indian/Woman/m.03c1p5b_0001.jpg,../images/test/data/Just_Images/Indian/Woman/m.03c1p5b_0003.jpg
../images/test/data/Just_Images/Indian/Woman/m.03m4n_s_0001.jpg,../images/test/data/Just_Images/Indian/Woman/m.03nsc3b_0001.jpg
../images/test/data/Just_Images/Indian/Woman/m.07yw4b_0001.jpg,../images/test/data/Just_Images/Indian/Woman/m.07yw4b_0003.jpg
../images/test/data/Just_Images/Indian/Woman/m.0cpnt7_0004.jpg,../images/test/data/Just_Images/Indian/Woman/m.0cpnt7_0001.jpg
../images/test/data/Just_Images/Indian/Woman/m.0cp3zq_0002.jpg,../images/test/data/Just_Images/Indian/Woman/m.0cp3zq_0001.jpg
../images/test/data/Just_Images/Indian/Woman/m.0gc7wl1_0002.jpg,../images/test/data/Just_Images/Indian/Woman/m.0gc7wl1_0001.jpg
../images/test/data/Just_Images/Indian/Woman/m.0j9qmjx_0001.jpg,../images/test/data/Just_Images/Indian/Woman/m.04lf_8t_0001.jpg
../images/test/data/Just_Images/Indian/Woman/m.0gchc3g_0001.jpg,../images/test/data/Just_Images/Indian/Woman/m.04n2tgy_0003.jpg
../images/test/data/Just_Images/Indian/Woman/m.0fq1yl4_0001.jpg,../images/test/data/Just_Images/Indian/Man/m.0hhps2q_0004.jpg
../images/test/data/Just_Images/Indian/Woman/m.0gbwnxv_0003.jpg,../images/test/data/Just_Images/Indian/Woman/m.04cdkf_0002.jpg
../images/test/data/Just_Images/Indian/Woman/m.027czg7_0001.jpg,../images/test/data/Just_Images/Indian/Woman/m.027czg7_0003.jpg
../images/test/data/Just_Images/Indian/Woman/m.06s6xv_0002.jpg,../images/test/data/Just_Images/Indian/Woman/m.06s6xv_0003.jpg
../images/test/data/Just_Images/Indian/Woman/m.05p9t9q_0001.jpg,../images/test/data/Just_Images/Indian/Woman/m.05p9t9q_0002.jpg
../images/test/data/Just_Images/Indian/Woman/m.0cfwz4_0004.jpg,../images/test/data/Just_Images/Indian/Woman/m.0cfwz4_0005.jpg
../images/test/data/Just_Images/Indian/Woman/m.04q793__0003.jpg,../images/test/data/Just_Images/Indian/Woman/m.05b18nl_0002.jpg
../images/test/data/Just_Images/Indian/Woman/m.03ctvwj_0001.jpg,../images/test/data/Just_Images/Indian/Woman/m.02q43qv_0003.jpg
../images/test/data/Just_Images/Indian/Woman/m.0nb1y3r_0003.jpg,../images/test/data/Just_Images/Indian/Man/m.02q91dd_0003.jpg
../images/test/data/Just_Images/Indian/Woman/m.04n4lyn_0003.jpg,../images/test/data/Just_Images/Indian/Woman/m.026xrkg_0003.jpg
../images/test/data/Just_Images/Indian/Woman/m.063zvk4_0002.jpg,../images/test/data/Just_Images/Indian/Woman/m.063zvk4_0001.jpg
../images/test/data/Just_Images/Indian/Woman/m.08t7tw_0001.jpg,../images/test/data/Just_Images/Indian/Woman/m.08t7tw_0002.jpg
../images/test/data/Just_Images/Indian/Woman/m.0rpg51n_0001.jpg,../images/test/data/Just_Images/Indian/Woman/m.0bhbr1q_0002.jpg
../images/test/data/Just_Images/Indian/Woman/m.0c98nf_0003.jpg,../images/test/data/Just_Images/Indian/Woman/m.0c98nf_0002.jpg
../images/test/data/Just_Images/Indian/Woman/m.0j519gl_0002.jpg,../images/test/data/Just_Images/Indian/Woman/m.0j519gl_0001.jpg
../images/test/data/Just_Images/Indian/Woman/m.05zr830_0002.jpg,../images/test/data/Just_Images/Indian/Woman/m.0n9m1qs_0004.jpg
../images/test/data/Just_Images/Indian/Woman/m.02q97xt_0002.jpg,../images/test/data/Just_Images/Indian/Woman/m.0gc2lz2_0005.jpg
../images/test/data/Just_Images/Indian/Woman/m.03cbz21_0004.jpg,../images/test/data/Just_Images/Indian/Man/m.03ydbdk_0001.jpg
